userId,imdbId,rating
414,tt0114709,4
414,tt0113497,3
414,tt0113228,4
414,tt0113041,2
414,tt0113277,3
414,tt0114319,3
414,tt0113189,3
414,tt0112346,5
414,tt0112641,3
414,tt0114388,4
414,tt0113161,4
414,tt0113627,3
414,tt0114746,5
414,tt0112431,5
414,tt0112818,3
414,tt0112697,4
414,tt0113855,2
414,tt0114369,4
414,tt0114148,3
414,tt0114814,5
414,tt0113862,4
414,tt0115759,2
414,tt0116483,4
414,tt0112573,5
414,tt0075314,5
414,tt0113326,3
414,tt0115685,4
414,tt0112442,2
414,tt0112384,4
414,tt0112462,2
414,tt0112642,2
414,tt0112715,1
414,tt0112740,3
414,tt0112851,4
414,tt0112864,3
414,tt0113071,2
414,tt0113481,3
414,tt0113492,3
414,tt0113957,2
414,tt0114898,2
414,tt0112508,3
414,tt0109445,5
414,tt0109635,2
414,tt0109686,3
414,tt0109707,4
68,tt0114709,2
68,tt0113497,2
68,tt0113228,2
68,tt0113041,2
68,tt0113277,4
68,tt0114319,2
68,tt0113189,4
68,tt0112346,4
68,tt0112641,4
68,tt0114388,4
68,tt0112281,2
68,tt0113627,4
68,tt0112431,1
68,tt0112697,4
68,tt0113855,3
68,tt0114369,4
68,tt0114148,4
68,tt0114814,3
68,tt0113862,4
68,tt0116367,4
68,tt0115759,4
68,tt0116483,4
68,tt0112573,2
68,tt0115685,3
68,tt0112384,3
68,tt0112462,3
68,tt0112642,3
68,tt0112715,2
68,tt0112851,4
68,tt0112864,4
68,tt0113071,3
68,tt0113492,2
68,tt0113957,3
68,tt0114898,4
68,tt0112508,4
68,tt0109445,1
68,tt0109686,4
68,tt0110148,2
68,tt0076759,5
68,tt0110322,4
68,tt0114069,2
68,tt0110413,4
68,tt0110912,2
68,tt0111282,4
68,tt0111070,2
599,tt0114709,3
599,tt0113497,2
599,tt0113228,2
599,tt0113277,4
599,tt0114319,2
599,tt0113189,4
599,tt0112346,2
599,tt0112641,3
599,tt0114388,4
599,tt0112281,3
599,tt0113161,4
599,tt0114746,3
599,tt0112697,3
599,tt0113855,2
599,tt0114369,4
599,tt0114814,4
599,tt0116367,4
599,tt0115759,2
599,tt0116483,2
599,tt0112573,4
599,tt0075314,4
599,tt0113326,5
599,tt0115685,3
599,tt0112442,3
599,tt0112384,2
599,tt0112462,2
599,tt0112642,1
599,tt0112715,2
599,tt0112740,4
599,tt0112851,4
599,tt0112864,3
599,tt0113071,2
599,tt0113481,2
599,tt0113492,2
599,tt0113957,2
599,tt0113986,2
599,tt0114898,2
599,tt0112508,2
599,tt0109445,4
599,tt0109686,4
599,tt0109707,4
599,tt0110148,3
599,tt0076759,5
599,tt0110632,3
599,tt0114069,3
274,tt0114709,4
274,tt0113497,4
274,tt0113277,4
274,tt0113189,4
274,tt0112641,4
274,tt0112281,4
274,tt0114746,4
274,tt0112431,4
274,tt0113855,4
274,tt0114369,4
274,tt0114148,2
274,tt0114814,4
274,tt0113862,3
274,tt0116367,4
274,tt0115759,2
274,tt0116483,4
274,tt0112573,4
274,tt0075314,3
274,tt0112442,2
274,tt0112462,4
274,tt0112642,4
274,tt0112851,4
274,tt0112864,4
274,tt0113481,2
274,tt0113492,4
274,tt0113957,3
274,tt0114898,4
274,tt0112508,4
274,tt0109445,4
274,tt0109686,4
274,tt0110148,4
274,tt0076759,3
274,tt0110632,4
274,tt0114069,3
274,tt0110413,4
274,tt0110912,5
274,tt0111282,4
274,tt0111070,3
274,tt0111161,4
274,tt0114694,4
274,tt0109040,4
274,tt0109830,4
274,tt0110357,4
274,tt0110475,4
274,tt0110478,4
480,tt0114709,3
480,tt0113497,3
480,tt0113228,2
480,tt0113277,4
480,tt0113189,4
480,tt0112641,4
480,tt0112281,2
480,tt0113161,2
480,tt0114746,4
480,tt0112431,4
480,tt0112697,2
480,tt0114369,4
480,tt0114814,4
480,tt0113862,4
480,tt0115759,1
480,tt0116483,3
480,tt0112573,5
480,tt0075314,4
480,tt0112384,4
480,tt0112462,1
480,tt0112642,2
480,tt0112715,2
480,tt0112740,4
480,tt0112851,3
480,tt0112864,3
480,tt0113071,2
480,tt0113481,2
480,tt0113492,2
480,tt0113957,1
480,tt0114898,3
480,tt0109445,2
480,tt0109686,3
480,tt0109707,3
480,tt0110148,4
480,tt0076759,4
480,tt0110632,2
480,tt0110413,4
480,tt0110912,4
480,tt0110932,4
480,tt0111282,4
480,tt0111070,2
480,tt0111161,5
480,tt0108550,4
480,tt0109040,4
480,tt0109444,3
474,tt0114709,4
474,tt0113497,3
474,tt0113041,2
474,tt0113277,3
474,tt0114319,3
474,tt0112346,2
474,tt0112641,4
474,tt0114388,5
474,tt0113161,4
474,tt0113627,4
474,tt0114746,4
474,tt0112431,4
474,tt0112818,5
474,tt0112697,4
474,tt0114369,4
474,tt0114814,4
474,tt0113862,2
474,tt0116483,2
474,tt0112573,3
474,tt0075314,4
474,tt0112384,4
474,tt0112462,3
474,tt0112715,1
474,tt0112740,4
474,tt0113957,3
474,tt0112508,1
474,tt0109445,4
474,tt0109707,4
474,tt0076759,4
474,tt0110322,2
474,tt0110413,4
474,tt0110912,4
474,tt0110932,4
474,tt0111282,4
474,tt0111070,2
474,tt0111161,5
474,tt0111280,4
474,tt0108550,4
474,tt0114924,4
474,tt0109040,1
474,tt0109444,3
474,tt0109446,3
474,tt0109830,3
474,tt0109831,3
474,tt0110357,4
448,tt0114709,5
448,tt0113497,3
448,tt0113228,3
448,tt0113041,3
448,tt0113189,4
448,tt0112641,5
448,tt0112281,2
448,tt0113161,2
448,tt0114746,2
448,tt0114369,4
448,tt0114814,4
448,tt0115759,2
448,tt0116483,3
448,tt0112442,4
448,tt0112384,3
448,tt0112462,2
448,tt0112642,3
448,tt0112740,4
448,tt0112851,4
448,tt0112864,4
448,tt0113481,2
448,tt0113957,2
448,tt0114898,2
448,tt0112508,3
448,tt0109445,4
448,tt0109686,3
448,tt0076759,5
448,tt0110632,3
448,tt0110912,5
448,tt0110932,4
448,tt0111282,3
448,tt0111280,4
448,tt0114924,3
448,tt0109040,3
448,tt0109444,4
448,tt0109446,2
448,tt0109830,3
448,tt0109831,3
448,tt0110475,3
448,tt0110622,3
448,tt0111257,4
448,tt0111503,3
448,tt0106220,4
448,tt0109254,2
448,tt0109439,3
590,tt0114709,4
590,tt0113497,2
590,tt0113228,3
590,tt0113041,2
590,tt0113277,4
590,tt0113189,4
590,tt0112346,3
590,tt0114388,4
590,tt0112281,2
590,tt0114746,3
590,tt0112818,4
590,tt0114369,3
590,tt0114814,4
590,tt0116483,4
590,tt0112573,4
590,tt0075314,4
590,tt0112384,4
590,tt0112462,2
590,tt0112740,4
590,tt0112851,3
590,tt0112864,3
590,tt0113071,3
590,tt0113986,2
590,tt0112508,2
590,tt0109686,2
590,tt0076759,5
590,tt0110912,4
590,tt0111070,3
590,tt0111161,4
590,tt0111280,3
590,tt0114694,2
590,tt0114924,3
590,tt0109040,3
590,tt0109444,4
590,tt0109446,2
590,tt0109830,5
590,tt0110357,4
590,tt0110475,3
590,tt0110478,3
590,tt0110622,2
590,tt0111257,3
590,tt0111503,3
590,tt0106598,2
590,tt0106673,4
590,tt0106977,4
608,tt0114709,2
608,tt0113497,2
608,tt0113228,2
608,tt0113189,4
608,tt0112641,4
608,tt0112281,2
608,tt0113161,4
608,tt0114746,4
608,tt0112431,4
608,tt0112697,3
608,tt0113855,1
608,tt0114369,4
608,tt0114148,1
608,tt0114814,4
608,tt0116367,3
608,tt0115759,2
608,tt0116483,3
608,tt0112573,4
608,tt0075314,3
608,tt0115685,3
608,tt0112442,4
608,tt0112384,2
608,tt0112462,2
608,tt0112642,1
608,tt0112715,2
608,tt0112851,3
608,tt0113071,1
608,tt0113481,4
608,tt0113492,3
608,tt0113957,3
608,tt0114898,3
608,tt0112508,2
608,tt0109445,2
608,tt0109686,3
608,tt0110148,3
608,tt0076759,4
608,tt0110632,3
608,tt0114069,2
608,tt0110413,4
608,tt0110912,5
608,tt0111282,3
608,tt0111070,3
608,tt0111161,4
608,tt0111280,3
608,tt0114694,4
380,tt0114709,5
380,tt0113497,5
380,tt0113277,5
380,tt0113189,5
380,tt0112641,3
380,tt0112281,5
380,tt0113161,2
380,tt0114746,5
380,tt0112431,4
380,tt0113855,4
380,tt0114369,5
380,tt0114148,3
380,tt0114814,4
380,tt0116367,5
380,tt0115759,3
380,tt0116483,3
380,tt0112573,4
380,tt0112442,3
380,tt0112462,3
380,tt0112642,3
380,tt0112715,3
380,tt0112851,5
380,tt0112864,5
380,tt0113481,4
380,tt0113492,4
380,tt0113957,3
380,tt0114898,3
380,tt0112508,3
380,tt0109445,4
380,tt0109686,4
380,tt0076759,5
380,tt0110413,5
380,tt0110912,5
380,tt0111282,5
380,tt0111070,4
380,tt0111161,3
380,tt0111280,3
380,tt0109040,5
380,tt0109506,5
380,tt0109830,5
380,tt0110357,5
380,tt0110475,5
380,tt0110622,4
380,tt0111257,5
380,tt0111503,5
288,tt0114709,4
288,tt0113497,2
288,tt0113228,4
288,tt0113041,2
288,tt0113189,3
288,tt0114388,4
288,tt0113161,4
288,tt0114746,5
288,tt0112431,4
288,tt0114369,4
288,tt0114148,2
288,tt0115759,1
288,tt0112573,5
288,tt0075314,4
288,tt0115685,3
288,tt0112384,3
288,tt0112462,2
288,tt0112642,2
288,tt0112740,3
288,tt0109686,3
288,tt0109707,5
288,tt0110148,4
288,tt0076759,5
288,tt0110322,3
288,tt0110912,5
288,tt0111070,3
288,tt0111161,5
288,tt0111280,4
288,tt0108550,4
288,tt0114924,3
288,tt0109040,3
288,tt0109444,3
288,tt0109830,5
288,tt0110357,3
288,tt0110475,2
288,tt0110622,4
288,tt0111257,3
288,tt0111503,3
288,tt0106220,3
288,tt0109254,2
288,tt0109439,2
288,tt0106673,4
288,tt0106977,3
288,tt0107144,3
288,tt0107206,3
483,tt0114709,4
483,tt0113497,4
483,tt0113041,2
483,tt0113189,2
483,tt0112641,4
483,tt0112281,4
483,tt0114746,5
483,tt0114369,4
483,tt0114148,3
483,tt0114814,4
483,tt0112573,4
483,tt0112442,4
483,tt0112384,2
483,tt0112462,2
483,tt0112642,2
483,tt0112715,4
483,tt0112864,4
483,tt0113481,4
483,tt0113492,1
483,tt0114898,3
483,tt0109445,4
483,tt0109686,3
483,tt0109707,2
483,tt0110148,4
483,tt0076759,4
483,tt0110322,3
483,tt0110413,4
483,tt0110912,5
483,tt0111070,4
483,tt0111161,5
483,tt0108550,2
483,tt0114924,2
483,tt0109040,4
483,tt0109830,5
483,tt0109831,4
483,tt0110357,4
483,tt0110475,3
483,tt0110478,4
483,tt0110622,4
483,tt0111257,2
483,tt0111503,4
483,tt0106220,3
483,tt0109254,3
483,tt0106598,2
483,tt0106697,2
307,tt0114709,4
307,tt0113497,2
307,tt0113228,4
307,tt0113189,2
307,tt0112641,4
307,tt0112281,4
307,tt0113161,2
307,tt0114746,4
307,tt0112697,2
307,tt0114369,4
307,tt0114814,4
307,tt0113862,3
307,tt0116367,4
307,tt0116483,3
307,tt0112573,4
307,tt0075314,4
307,tt0115685,2
307,tt0112442,3
307,tt0112384,2
307,tt0112462,2
307,tt0112642,2
307,tt0112864,2
307,tt0113957,2
307,tt0113986,1
307,tt0114898,2
307,tt0112508,4
307,tt0109445,4
307,tt0109686,2
307,tt0109707,3
307,tt0110148,4
307,tt0076759,4
307,tt0110322,4
307,tt0110632,4
307,tt0114069,2
307,tt0110912,4
307,tt0111161,4
307,tt0114694,3
307,tt0108550,4
307,tt0114924,2
307,tt0109040,4
307,tt0109506,4
307,tt0109830,4
307,tt0109831,3
307,tt0110357,3
307,tt0110475,2
91,tt0114709,4
91,tt0113497,3
91,tt0113228,3
91,tt0113277,5
91,tt0113189,4
91,tt0112641,4
91,tt0112281,2
91,tt0113161,4
91,tt0113627,2
91,tt0114746,4
91,tt0112818,3
91,tt0112697,2
91,tt0114369,4
91,tt0114814,4
91,tt0115759,3
91,tt0116483,2
91,tt0112573,4
91,tt0075314,4
91,tt0113326,3
91,tt0112384,4
91,tt0112462,2
91,tt0112642,2
91,tt0112715,2
91,tt0112740,4
91,tt0112851,5
91,tt0112864,3
91,tt0113481,4
91,tt0113492,4
91,tt0113957,2
91,tt0113986,2
91,tt0114898,2
91,tt0109445,3
91,tt0109635,3
91,tt0109686,3
91,tt0109707,4
91,tt0110148,4
91,tt0076759,4
91,tt0110322,3
91,tt0110632,4
91,tt0114069,4
91,tt0110413,4
91,tt0110912,4
91,tt0111282,4
91,tt0111161,2
91,tt0111280,2
489,tt0113497,2
489,tt0113041,2
489,tt0114319,4
489,tt0113189,2
489,tt0112346,2
489,tt0114388,4
489,tt0112281,2
489,tt0113161,2
489,tt0114746,4
489,tt0112431,2
489,tt0112697,4
489,tt0114369,3
489,tt0114148,4
489,tt0116367,2
489,tt0115759,2
489,tt0112573,4
489,tt0075314,3
489,tt0115685,4
489,tt0112384,4
489,tt0112462,3
489,tt0112715,1
489,tt0112740,3
489,tt0112864,3
489,tt0113071,1
489,tt0113481,1
489,tt0113957,1
489,tt0113986,2
489,tt0109686,2
489,tt0110148,4
489,tt0110322,4
489,tt0110413,4
489,tt0110912,4
489,tt0111282,3
489,tt0108550,4
489,tt0114924,4
489,tt0109040,2
489,tt0109506,4
489,tt0109830,4
489,tt0109831,4
489,tt0110357,4
489,tt0110475,2
489,tt0110478,3
489,tt0110622,1
489,tt0111257,4
489,tt0111503,4
177,tt0114709,5
177,tt0113497,4
177,tt0114319,1
177,tt0112346,3
177,tt0112641,3
177,tt0112281,2
177,tt0112697,4
177,tt0114369,4
177,tt0114148,3
177,tt0114814,4
177,tt0116483,2
177,tt0112384,4
177,tt0112462,3
177,tt0112642,3
177,tt0112740,4
177,tt0113957,2
177,tt0112508,2
177,tt0109445,2
177,tt0109707,3
177,tt0110148,4
177,tt0076759,2
177,tt0110912,5
177,tt0111070,4
177,tt0111161,5
177,tt0108550,2
177,tt0114924,4
177,tt0109040,4
177,tt0109830,5
177,tt0110357,4
177,tt0110475,3
177,tt0111257,3
177,tt0111503,3
177,tt0106220,2
177,tt0106918,2
177,tt0107290,4
177,tt0107614,5
177,tt0107818,4
177,tt0107977,4
177,tt0108052,4
177,tt0108160,4
177,tt0107688,4
177,tt0108333,3
177,tt0099785,3
177,tt0099653,4
177,tt0103639,4
182,tt0114709,4
182,tt0113277,4
182,tt0113189,4
182,tt0112641,5
182,tt0114388,4
182,tt0113161,2
182,tt0113627,4
182,tt0114746,4
182,tt0112818,4
182,tt0113855,2
182,tt0114369,4
182,tt0114814,4
182,tt0116367,4
182,tt0116483,3
182,tt0112573,4
182,tt0075314,4
182,tt0113326,4
182,tt0115685,4
182,tt0112384,2
182,tt0112462,4
182,tt0112740,3
182,tt0112851,4
182,tt0112864,3
182,tt0113481,4
182,tt0113492,4
182,tt0113957,3
182,tt0109445,4
182,tt0109686,1
182,tt0109707,4
182,tt0110148,3
182,tt0076759,4
182,tt0110632,4
182,tt0110413,4
182,tt0110912,5
182,tt0111282,2
182,tt0111161,4
182,tt0114694,4
182,tt0108550,4
182,tt0114924,3
182,tt0109506,4
182,tt0109830,5
182,tt0110622,1
182,tt0111257,2
182,tt0111503,3
182,tt0106697,3
249,tt0114709,4
249,tt0113497,4
249,tt0112281,4
249,tt0114746,5
249,tt0114369,5
249,tt0114148,3
249,tt0114814,4
249,tt0116367,4
249,tt0116483,4
249,tt0112573,5
249,tt0075314,4
249,tt0112442,4
249,tt0112384,2
249,tt0112642,3
249,tt0114898,4
249,tt0110148,4
249,tt0076759,5
249,tt0110413,5
249,tt0110912,4
249,tt0111161,4
249,tt0109040,4
249,tt0109830,4
249,tt0110357,5
249,tt0110475,4
249,tt0110478,4
249,tt0111257,4
249,tt0111503,4
249,tt0109254,4
249,tt0106582,4
249,tt0106697,4
249,tt0106977,4
249,tt0107290,4
249,tt0107362,4
249,tt0107614,4
249,tt0108052,4
249,tt0083658,4
249,tt0103639,4
249,tt0103064,4
249,tt0102926,4
249,tt0101414,4
249,tt0116282,4
249,tt0117060,4
249,tt0117705,3
249,tt0117500,4
249,tt0117998,3
600,tt0114709,2
600,tt0113497,4
600,tt0113041,2
600,tt0114319,4
600,tt0114388,4
600,tt0112281,3
600,tt0114746,4
600,tt0112431,2
600,tt0112697,3
600,tt0114369,4
600,tt0113862,2
600,tt0116483,3
600,tt0112573,2
600,tt0115685,4
600,tt0112442,2
600,tt0112384,2
600,tt0112715,2
600,tt0112740,1
600,tt0112864,2
600,tt0113481,2
600,tt0113957,2
600,tt0113986,2
600,tt0114898,2
600,tt0112508,3
600,tt0109445,2
600,tt0109635,2
600,tt0109686,4
600,tt0110148,4
600,tt0076759,4
600,tt0110322,4
600,tt0114069,2
600,tt0110912,4
600,tt0111070,1
600,tt0111161,4
600,tt0111280,3
600,tt0108550,4
600,tt0114924,2
600,tt0109040,3
600,tt0109444,2
600,tt0109446,3
600,tt0109506,4
600,tt0109830,4
600,tt0109831,1
600,tt0110357,2
600,tt0110475,3
64,tt0114709,4
64,tt0113228,4
64,tt0113277,4
64,tt0112641,5
64,tt0112281,4
64,tt0113627,4
64,tt0114746,4
64,tt0112431,4
64,tt0112818,4
64,tt0112697,4
64,tt0114369,4
64,tt0114148,3
64,tt0114814,3
64,tt0116367,4
64,tt0116483,3
64,tt0112573,4
64,tt0075314,4
64,tt0113326,3
64,tt0115685,3
64,tt0112462,2
64,tt0112715,2
64,tt0112851,4
64,tt0113957,3
64,tt0113986,2
64,tt0109445,3
64,tt0109686,4
64,tt0110148,4
64,tt0076759,4
64,tt0110322,5
64,tt0110413,4
64,tt0110912,4
64,tt0111282,3
64,tt0111070,4
64,tt0111161,5
64,tt0114694,4
64,tt0109040,4
64,tt0109446,4
64,tt0109506,4
64,tt0109830,4
64,tt0109831,4
64,tt0110357,4
64,tt0110475,4
64,tt0110622,2
64,tt0111257,3
64,tt0109439,2
219,tt0114709,4
219,tt0113497,2
219,tt0113277,4
219,tt0113189,4
219,tt0112281,2
219,tt0113161,4
219,tt0114746,4
219,tt0113855,2
219,tt0114369,4
219,tt0114814,5
219,tt0115759,2
219,tt0116483,4
219,tt0113326,4
219,tt0112384,4
219,tt0112462,2
219,tt0112864,4
219,tt0113481,2
219,tt0113492,2
219,tt0113957,2
219,tt0114898,2
219,tt0109445,4
219,tt0109686,2
219,tt0110148,3
219,tt0076759,5
219,tt0110632,2
219,tt0114069,3
219,tt0110413,4
219,tt0110912,4
219,tt0111282,2
219,tt0111070,3
219,tt0111161,5
219,tt0109040,4
219,tt0110357,5
219,tt0110475,3
219,tt0110622,4
219,tt0111257,4
219,tt0111503,3
219,tt0106582,3
219,tt0106697,4
219,tt0106977,4
219,tt0107290,4
219,tt0107614,2
219,tt0107977,4
219,tt0083658,4
219,tt0099785,3
387,tt0113189,4
387,tt0112346,2
387,tt0114746,4
387,tt0112697,2
387,tt0113855,1
387,tt0114369,4
387,tt0114814,4
387,tt0116367,4
387,tt0116483,2
387,tt0112573,4
387,tt0075314,4
387,tt0115685,2
387,tt0112462,3
387,tt0112851,4
387,tt0109445,4
387,tt0109686,2
387,tt0109707,4
387,tt0076759,4
387,tt0110632,4
387,tt0110413,4
387,tt0110912,5
387,tt0110932,3
387,tt0111282,4
387,tt0111070,1
387,tt0111161,4
387,tt0109040,4
387,tt0109506,4
387,tt0109830,4
387,tt0110357,3
387,tt0110475,3
387,tt0111503,2
387,tt0109439,1
387,tt0106673,2
387,tt0107144,2
387,tt0107290,3
387,tt0107614,2
387,tt0107822,4
387,tt0107977,4
387,tt0083658,4
387,tt0107688,4
387,tt0099785,2
387,tt0103639,2
387,tt0103064,4
387,tt0099348,3
387,tt0096895,4
561,tt0114709,4
561,tt0113497,4
561,tt0113041,3
561,tt0113277,4
561,tt0114746,4
561,tt0112431,2
561,tt0112697,3
561,tt0113855,2
561,tt0114369,4
561,tt0114814,4
561,tt0112573,5
561,tt0112442,3
561,tt0113957,2
561,tt0112508,2
561,tt0110148,3
561,tt0076759,4
561,tt0110413,4
561,tt0110912,4
561,tt0111282,4
561,tt0111161,5
561,tt0111280,4
561,tt0109444,3
561,tt0109506,4
561,tt0109830,4
561,tt0110357,4
561,tt0110475,2
561,tt0110622,3
561,tt0111257,4
561,tt0111503,4
561,tt0106582,2
561,tt0106673,2
561,tt0106697,2
561,tt0106977,4
561,tt0107144,4
561,tt0107290,4
561,tt0107362,2
561,tt0108052,4
561,tt0108160,3
561,tt0107688,4
561,tt0108399,2
561,tt0099785,4
561,tt0103064,4
561,tt0096895,4
561,tt0102926,4
561,tt0032910,4
606,tt0114709,2
606,tt0114319,2
606,tt0112346,2
606,tt0114388,4
606,tt0112281,2
606,tt0114746,4
606,tt0112818,4
606,tt0114369,3
606,tt0114814,4
606,tt0116367,4
606,tt0112573,4
606,tt0075314,4
606,tt0113071,2
606,tt0113481,3
606,tt0109445,4
606,tt0109635,3
606,tt0109686,2
606,tt0109707,4
606,tt0076759,4
606,tt0110322,3
606,tt0110632,4
606,tt0110413,4
606,tt0110912,5
606,tt0111161,4
606,tt0108550,4
606,tt0109830,4
606,tt0109831,4
606,tt0110475,3
606,tt0106918,3
606,tt0107290,2
606,tt0107614,3
606,tt0107818,4
606,tt0107822,4
606,tt0108052,5
606,tt0083658,5
606,tt0107688,3
606,tt0108333,3
606,tt0099653,4
606,tt0103064,4
606,tt0099348,4
606,tt0096895,4
606,tt0102926,4
606,tt0029583,4
606,tt0032910,3
606,tt0100405,4
305,tt0113497,4
305,tt0113277,4
305,tt0112641,4
305,tt0113627,3
305,tt0114746,5
305,tt0112431,3
305,tt0114369,4
305,tt0114814,5
305,tt0116367,5
305,tt0112442,4
305,tt0112851,5
305,tt0113957,4
305,tt0109445,4
305,tt0109686,1
305,tt0109707,4
305,tt0076759,5
305,tt0110632,4
305,tt0110413,4
305,tt0110912,5
305,tt0110932,4
305,tt0111282,3
305,tt0111161,5
305,tt0109506,4
305,tt0109830,4
305,tt0109831,5
305,tt0110622,4
305,tt0111257,4
305,tt0111503,3
305,tt0106977,4
305,tt0107206,4
305,tt0107290,2
305,tt0107614,3
305,tt0107818,2
305,tt0108052,5
305,tt0083658,4
305,tt0107688,4
305,tt0108399,5
305,tt0103064,5
305,tt0099348,4
305,tt0096895,2
305,tt0102926,5
305,tt0116282,4
305,tt0117060,4
305,tt0117705,4
305,tt0117500,4
477,tt0114709,4
477,tt0113497,4
477,tt0113228,3
477,tt0112281,3
477,tt0114746,4
477,tt0112431,4
477,tt0114369,4
477,tt0116483,4
477,tt0112384,4
477,tt0112642,1
477,tt0114898,4
477,tt0112508,4
477,tt0109445,4
477,tt0109686,4
477,tt0076759,4
477,tt0110912,4
477,tt0111282,3
477,tt0111070,2
477,tt0111161,5
477,tt0111280,4
477,tt0114694,3
477,tt0108550,4
477,tt0109040,3
477,tt0109830,5
477,tt0110357,4
477,tt0110475,1
477,tt0110478,4
477,tt0111257,3
477,tt0106220,3
477,tt0109439,3
477,tt0106598,2
477,tt0106977,5
477,tt0107290,4
477,tt0107614,4
477,tt0108052,4
477,tt0083658,5
477,tt0107688,4
477,tt0099785,3
477,tt0099653,3
477,tt0103639,3
477,tt0103064,5
477,tt0102926,5
477,tt0029583,3
477,tt0101414,3
477,tt0116282,4
610,tt0114709,5
610,tt0113277,5
610,tt0112641,4
610,tt0114746,4
610,tt0114369,5
610,tt0114814,4
610,tt0116367,4
610,tt0115759,4
610,tt0112573,4
610,tt0075314,5
610,tt0113326,4
610,tt0112462,3
610,tt0109686,4
610,tt0076759,5
610,tt0110413,5
610,tt0110912,5
610,tt0111161,3
610,tt0109040,3
610,tt0109830,3
610,tt0110475,4
610,tt0111257,5
610,tt0111503,5
610,tt0106977,4
610,tt0107290,5
610,tt0108052,4
610,tt0083658,5
610,tt0103064,5
610,tt0096895,4
610,tt0102926,4
610,tt0116282,4
610,tt0057012,4
610,tt0117951,5
610,tt0116629,4
610,tt0115798,5
610,tt0068646,5
610,tt0052357,5
610,tt0047396,5
610,tt0034583,4
610,tt0032138,4
610,tt0033467,4
610,tt0062622,4
610,tt0095016,5
610,tt0079470,4
610,tt0105236,5
610,tt0091763,4
298,tt0114709,2
298,tt0113497,1
298,tt0112641,4
298,tt0114746,4
298,tt0114369,4
298,tt0114814,4
298,tt0116483,4
298,tt0112573,3
298,tt0075314,3
298,tt0112462,2
298,tt0112851,2
298,tt0112864,3
298,tt0113492,2
298,tt0114898,2
298,tt0112508,3
298,tt0109445,4
298,tt0109686,2
298,tt0076759,4
298,tt0110413,4
298,tt0110912,4
298,tt0111161,4
298,tt0114694,3
298,tt0109040,3
298,tt0109506,2
298,tt0109830,3
298,tt0110475,2
298,tt0106697,2
298,tt0107290,4
298,tt0108160,2
298,tt0083658,4
298,tt0108399,3
298,tt0103064,4
298,tt0096895,4
298,tt0116282,3
298,tt0116136,1
298,tt0057012,3
298,tt0117951,4
298,tt0116629,2
298,tt0115798,2
298,tt0068646,5
298,tt0062622,4
298,tt0095016,3
298,tt0095159,4
298,tt0105236,4
298,tt0096754,4
226,tt0114709,4
226,tt0113497,3
226,tt0113228,4
226,tt0113189,4
226,tt0112641,4
226,tt0112281,4
226,tt0114746,4
226,tt0112697,3
226,tt0113855,4
226,tt0114369,5
226,tt0114148,3
226,tt0116483,5
226,tt0113326,4
226,tt0115685,3
226,tt0112442,4
226,tt0112384,4
226,tt0112462,4
226,tt0112642,2
226,tt0112715,3
226,tt0113986,2
226,tt0114898,2
226,tt0112508,5
226,tt0109445,5
226,tt0109686,5
226,tt0076759,4
226,tt0110912,4
226,tt0111282,2
226,tt0111070,3
226,tt0114694,4
226,tt0108550,4
226,tt0109040,4
226,tt0109830,4
226,tt0110357,4
226,tt0110475,3
226,tt0110478,4
226,tt0111257,2
226,tt0106220,4
226,tt0109254,4
226,tt0109439,3
226,tt0107144,4
226,tt0107290,4
226,tt0107614,4
226,tt0107818,4
226,tt0107977,4
226,tt0107688,4
381,tt0114709,4
381,tt0113497,4
381,tt0112281,2
381,tt0114746,4
381,tt0112431,4
381,tt0114369,2
381,tt0114148,3
381,tt0114814,4
381,tt0113862,4
381,tt0116483,4
381,tt0112384,4
381,tt0113957,3
381,tt0114898,2
381,tt0109686,2
381,tt0110148,4
381,tt0076759,4
381,tt0114069,3
381,tt0111282,4
381,tt0111070,4
381,tt0111161,4
381,tt0114694,4
381,tt0114924,4
381,tt0109040,3
381,tt0109830,4
381,tt0110357,4
381,tt0110475,1
381,tt0111257,4
381,tt0111503,4
381,tt0109439,3
381,tt0106977,4
381,tt0107290,4
381,tt0107614,4
381,tt0108160,4
381,tt0107688,5
381,tt0099785,1
381,tt0099653,4
381,tt0103639,4
381,tt0103064,2
381,tt0029583,2
381,tt0101414,3
381,tt0032910,4
381,tt0100405,4
381,tt0116282,4
381,tt0117060,3
381,tt0116136,3
18,tt0114709,4
18,tt0113497,3
18,tt0113277,4
18,tt0112641,4
18,tt0114746,4
18,tt0112431,2
18,tt0112818,4
18,tt0114369,4
18,tt0114814,5
18,tt0116367,4
18,tt0116483,2
18,tt0112573,4
18,tt0075314,4
18,tt0112442,4
18,tt0112851,4
18,tt0112864,4
18,tt0114898,3
18,tt0109445,4
18,tt0109686,2
18,tt0109707,4
18,tt0076759,4
18,tt0110632,4
18,tt0110413,4
18,tt0110912,4
18,tt0111161,5
18,tt0111280,4
18,tt0108550,4
18,tt0109040,2
18,tt0109830,4
18,tt0110357,3
18,tt0110475,2
18,tt0110622,3
18,tt0111257,2
18,tt0111503,2
18,tt0106598,2
18,tt0106697,3
18,tt0106977,4
18,tt0107144,2
18,tt0107290,4
18,tt0107614,4
18,tt0107818,4
18,tt0108052,4
18,tt0083658,4
18,tt0108399,4
18,tt0099785,4
318,tt0113497,4
318,tt0113277,4
318,tt0112281,4
318,tt0114746,4
318,tt0114369,4
318,tt0114148,4
318,tt0112442,4
318,tt0112462,3
318,tt0112864,4
318,tt0114898,4
318,tt0109445,4
318,tt0109707,4
318,tt0076759,3
318,tt0110632,5
318,tt0110413,4
318,tt0110912,4
318,tt0110932,4
318,tt0111161,4
318,tt0108550,4
318,tt0109040,4
318,tt0109830,4
318,tt0109831,4
318,tt0110357,4
318,tt0111257,4
318,tt0106697,4
318,tt0107290,4
318,tt0107614,4
318,tt0108052,4
318,tt0083658,4
318,tt0099348,4
318,tt0102926,4
318,tt0029583,4
318,tt0101414,4
318,tt0032910,4
318,tt0116282,4
318,tt0117060,3
318,tt0117705,4
318,tt0057012,4
318,tt0117951,4
318,tt0116629,4
318,tt0116583,4
318,tt0047396,4
318,tt0053291,4
318,tt0062622,4
318,tt0059742,2
232,tt0114709,4
232,tt0113497,4
232,tt0113189,3
232,tt0112697,3
232,tt0114369,4
232,tt0114148,2
232,tt0116483,4
232,tt0112573,4
232,tt0112442,4
232,tt0112384,4
232,tt0112864,4
232,tt0113957,3
232,tt0109686,3
232,tt0076759,4
232,tt0110912,5
232,tt0111070,4
232,tt0111161,5
232,tt0109830,4
232,tt0110357,4
232,tt0111257,4
232,tt0107290,3
232,tt0107614,4
232,tt0108052,4
232,tt0107688,4
232,tt0099785,3
232,tt0103639,3
232,tt0103064,4
232,tt0029583,2
232,tt0101414,3
232,tt0032910,2
232,tt0100405,4
232,tt0117060,3
232,tt0116136,3
232,tt0116683,3
232,tt0117705,2
232,tt0117998,3
232,tt0112691,4
232,tt0116629,4
232,tt0116583,2
232,tt0068646,4
232,tt0032138,4
232,tt0038650,4
232,tt0058331,4
232,tt0059742,4
232,tt0095016,4
438,tt0114709,4
438,tt0113277,5
438,tt0113189,4
438,tt0112346,4
438,tt0112281,3
438,tt0113161,4
438,tt0114746,4
438,tt0113855,3
438,tt0113862,4
438,tt0116367,3
438,tt0115759,4
438,tt0116483,4
438,tt0112573,4
438,tt0113326,4
438,tt0115685,4
438,tt0112442,5
438,tt0112384,4
438,tt0112462,3
438,tt0112864,4
438,tt0113071,4
438,tt0113492,2
438,tt0113957,2
438,tt0113986,3
438,tt0114898,3
438,tt0112508,3
438,tt0109445,4
438,tt0109635,2
438,tt0076759,5
438,tt0114069,4
438,tt0111282,4
438,tt0111070,4
438,tt0111161,5
438,tt0111280,4
438,tt0114924,3
438,tt0109040,4
438,tt0109506,4
438,tt0109830,4
438,tt0110357,4
438,tt0110475,3
438,tt0111257,4
438,tt0111503,5
438,tt0109254,3
438,tt0106673,4
438,tt0106697,4
438,tt0106977,4
580,tt0114709,3
580,tt0113277,4
580,tt0113189,4
580,tt0112641,4
580,tt0113627,4
580,tt0114746,5
580,tt0112431,2
580,tt0114369,5
580,tt0114814,5
580,tt0113862,2
580,tt0116367,5
580,tt0112573,4
580,tt0075314,4
580,tt0112462,2
580,tt0113481,4
580,tt0114898,4
580,tt0109445,4
580,tt0109686,2
580,tt0076759,4
580,tt0114069,3
580,tt0110413,5
580,tt0110912,5
580,tt0111282,4
580,tt0111161,5
580,tt0111280,4
580,tt0108550,4
580,tt0109446,4
580,tt0109506,4
580,tt0109830,4
580,tt0110357,3
580,tt0110475,4
580,tt0106598,2
580,tt0106697,3
580,tt0106977,3
580,tt0107290,4
580,tt0107362,2
580,tt0107818,4
580,tt0108052,3
580,tt0083658,5
580,tt0108399,2
580,tt0099653,2
580,tt0103639,2
580,tt0103064,4
580,tt0099348,4
580,tt0096895,3
525,tt0114709,4
525,tt0113497,4
525,tt0112431,3
525,tt0112697,4
525,tt0114369,4
525,tt0114148,3
525,tt0114814,4
525,tt0113862,4
525,tt0112384,4
525,tt0112642,4
525,tt0109445,4
525,tt0076759,4
525,tt0114069,4
525,tt0110413,4
525,tt0111070,4
525,tt0111161,4
525,tt0114924,4
525,tt0109830,4
525,tt0110357,4
525,tt0110475,4
525,tt0111257,4
525,tt0111503,4
525,tt0106977,4
525,tt0107290,4
525,tt0107614,4
525,tt0107977,4
525,tt0108052,4
525,tt0107688,4
525,tt0099785,4
525,tt0103639,4
525,tt0102926,4
525,tt0029583,2
525,tt0101414,4
525,tt0032910,2
525,tt0100405,4
525,tt0116282,4
525,tt0117705,2
525,tt0117500,4
525,tt0057012,4
525,tt0116583,2
525,tt0045152,4
525,tt0032138,4
525,tt0038650,4
525,tt0058331,4
525,tt0059742,4
45,tt0114709,4
45,tt0113041,3
45,tt0113277,4
45,tt0114319,3
45,tt0112346,3
45,tt0112281,4
45,tt0113161,4
45,tt0114746,4
45,tt0112697,3
45,tt0114814,5
45,tt0113862,4
45,tt0116367,4
45,tt0116483,5
45,tt0112573,5
45,tt0113326,4
45,tt0112384,5
45,tt0112864,5
45,tt0113481,3
45,tt0113492,1
45,tt0113957,3
45,tt0113986,4
45,tt0112508,5
45,tt0109445,5
45,tt0109686,5
45,tt0076759,5
45,tt0114069,4
45,tt0110912,5
45,tt0111282,4
45,tt0111070,3
45,tt0111280,4
45,tt0114694,4
45,tt0109040,4
45,tt0109830,5
45,tt0109831,4
45,tt0110357,5
45,tt0110475,4
45,tt0110478,4
45,tt0110622,4
45,tt0111503,4
45,tt0106598,3
45,tt0106673,3
45,tt0106977,4
45,tt0107144,3
45,tt0107206,5
45,tt0107290,4
239,tt0114709,4
239,tt0113277,5
239,tt0112346,5
239,tt0112641,4
239,tt0113161,4
239,tt0114746,5
239,tt0114369,5
239,tt0114814,4
239,tt0115759,4
239,tt0116483,4
239,tt0112573,4
239,tt0112851,4
239,tt0114898,2
239,tt0109686,4
239,tt0076759,5
239,tt0110632,5
239,tt0114069,4
239,tt0110413,4
239,tt0110912,5
239,tt0111282,4
239,tt0111161,5
239,tt0109444,4
239,tt0109506,4
239,tt0109830,5
239,tt0110357,4
239,tt0110475,4
239,tt0110622,2
239,tt0111503,4
239,tt0106673,4
239,tt0106918,4
239,tt0106977,4
239,tt0107206,4
239,tt0107290,4
239,tt0108160,4
239,tt0083658,4
239,tt0099653,4
239,tt0103639,4
239,tt0103064,4
239,tt0099348,4
239,tt0102926,4
239,tt0101414,3
239,tt0100405,4
239,tt0116282,4
239,tt0117060,4
239,tt0117500,4
19,tt0114709,4
19,tt0113497,3
19,tt0113228,3
19,tt0114319,2
19,tt0113189,2
19,tt0112281,2
19,tt0114746,4
19,tt0112431,4
19,tt0113855,3
19,tt0114369,3
19,tt0114148,1
19,tt0116367,2
19,tt0116483,2
19,tt0115685,1
19,tt0112462,2
19,tt0112642,3
19,tt0112740,2
19,tt0112864,3
19,tt0113492,1
19,tt0113957,2
19,tt0113986,2
19,tt0114898,2
19,tt0112508,2
19,tt0109445,3
19,tt0109686,2
19,tt0109707,4
19,tt0110148,3
19,tt0076759,4
19,tt0110413,4
19,tt0111282,2
19,tt0111280,2
19,tt0114694,2
19,tt0114924,3
19,tt0109040,2
19,tt0109446,2
19,tt0109506,5
19,tt0109830,2
19,tt0109831,4
19,tt0110357,3
19,tt0110475,4
19,tt0110478,3
19,tt0110622,3
19,tt0111257,4
19,tt0111503,3
19,tt0106220,2
330,tt0114709,4
330,tt0113497,2
330,tt0113228,3
330,tt0112641,4
330,tt0113627,4
330,tt0114746,5
330,tt0112431,3
330,tt0114369,3
330,tt0114814,5
330,tt0113862,3
330,tt0116483,1
330,tt0112573,4
330,tt0075314,4
330,tt0115685,4
330,tt0112384,3
330,tt0112462,3
330,tt0113492,1
330,tt0114898,4
330,tt0109445,4
330,tt0109686,4
330,tt0109707,2
330,tt0110148,4
330,tt0076759,4
330,tt0110632,5
330,tt0114069,3
330,tt0110912,4
330,tt0110932,4
330,tt0111282,4
330,tt0111070,1
330,tt0111161,4
330,tt0109040,1
330,tt0109446,4
330,tt0109506,4
330,tt0109830,5
330,tt0110357,3
330,tt0110475,1
330,tt0110622,4
330,tt0111257,1
330,tt0111503,3
330,tt0106220,2
330,tt0106598,1
330,tt0106918,4
330,tt0106977,2
330,tt0107144,3
330,tt0107290,2
357,tt0114709,5
357,tt0113497,3
357,tt0112346,4
357,tt0112641,4
357,tt0114388,5
357,tt0112281,2
357,tt0112431,4
357,tt0112818,4
357,tt0112697,4
357,tt0114814,5
357,tt0113862,3
357,tt0112573,4
357,tt0075314,4
357,tt0115685,3
357,tt0112384,4
357,tt0112462,2
357,tt0114898,4
357,tt0109445,4
357,tt0110148,4
357,tt0076759,4
357,tt0110912,4
357,tt0110932,3
357,tt0111161,4
357,tt0108550,4
357,tt0114924,4
357,tt0109830,4
357,tt0109831,4
357,tt0110357,4
357,tt0106220,4
357,tt0106673,4
357,tt0107206,4
357,tt0107290,4
357,tt0107614,4
357,tt0107818,4
357,tt0107822,4
357,tt0108052,5
357,tt0108160,3
357,tt0107688,5
357,tt0108358,5
357,tt0099785,4
357,tt0099653,4
357,tt0103639,4
357,tt0103064,4
357,tt0099348,4
357,tt0096895,3
425,tt0113497,3
425,tt0113277,4
425,tt0113189,3
425,tt0114746,4
425,tt0112431,4
425,tt0112818,3
425,tt0114369,4
425,tt0114814,4
425,tt0116367,4
425,tt0115759,2
425,tt0112573,4
425,tt0115685,4
425,tt0112442,4
425,tt0112384,3
425,tt0112715,3
425,tt0112740,4
425,tt0112864,4
425,tt0113481,4
425,tt0114898,4
425,tt0109686,4
425,tt0110148,4
425,tt0076759,3
425,tt0114069,4
425,tt0110413,5
425,tt0110912,4
425,tt0111282,4
425,tt0111161,5
425,tt0108550,4
425,tt0114924,3
425,tt0109040,4
425,tt0109830,5
425,tt0110357,3
425,tt0110475,2
425,tt0110478,4
425,tt0111257,4
425,tt0111503,2
425,tt0106582,2
425,tt0106697,3
425,tt0106977,4
425,tt0107290,4
425,tt0107362,3
425,tt0107614,3
425,tt0107822,4
425,tt0108052,4
425,tt0108333,3
603,tt0114709,4
603,tt0113277,4
603,tt0112641,4
603,tt0114388,3
603,tt0113161,5
603,tt0113627,4
603,tt0114746,3
603,tt0112431,4
603,tt0112818,4
603,tt0112697,5
603,tt0113862,1
603,tt0116367,4
603,tt0112573,1
603,tt0075314,5
603,tt0113326,4
603,tt0112442,4
603,tt0112462,1
603,tt0112851,5
603,tt0113481,2
603,tt0109445,3
603,tt0109707,4
603,tt0110148,3
603,tt0076759,4
603,tt0110632,4
603,tt0110413,2
603,tt0110912,5
603,tt0110932,2
603,tt0114924,3
603,tt0109830,3
603,tt0109831,4
603,tt0111257,5
603,tt0111503,2
603,tt0106673,4
603,tt0106977,3
603,tt0107362,1
603,tt0107818,4
603,tt0107822,5
603,tt0108052,3
603,tt0108160,4
603,tt0083658,3
603,tt0108399,4
603,tt0099653,3
603,tt0099348,3
603,tt0096895,2
603,tt0102926,5
434,tt0114709,4
434,tt0113497,2
434,tt0113277,4
434,tt0113189,4
434,tt0114746,4
434,tt0112431,4
434,tt0112697,3
434,tt0114369,4
434,tt0115759,2
434,tt0112573,4
434,tt0075314,5
434,tt0113326,2
434,tt0112384,5
434,tt0112851,3
434,tt0114898,2
434,tt0109686,4
434,tt0076759,5
434,tt0114069,3
434,tt0110413,4
434,tt0110912,5
434,tt0111282,4
434,tt0111161,4
434,tt0109040,3
434,tt0109444,4
434,tt0109830,4
434,tt0110475,2
434,tt0111503,2
434,tt0106582,2
434,tt0107290,5
434,tt0107614,2
434,tt0108052,5
434,tt0083658,5
434,tt0099785,3
434,tt0099653,3
434,tt0103639,4
434,tt0103064,4
434,tt0102926,4
434,tt0116282,5
434,tt0117060,4
434,tt0117500,3
434,tt0117998,2
434,tt0057012,4
434,tt0117951,4
434,tt0116629,2
434,tt0117218,1
560,tt0114709,3
560,tt0114746,4
560,tt0112431,2
560,tt0114369,4
560,tt0114148,2
560,tt0114814,4
560,tt0116367,4
560,tt0112573,4
560,tt0112384,4
560,tt0112851,4
560,tt0114898,4
560,tt0109445,4
560,tt0076759,4
560,tt0110632,4
560,tt0110413,4
560,tt0110912,4
560,tt0111282,4
560,tt0109040,4
560,tt0109830,4
560,tt0110475,4
560,tt0111257,4
560,tt0111503,4
560,tt0106697,4
560,tt0107362,4
560,tt0107614,4
560,tt0107688,4
560,tt0103064,3
560,tt0102926,4
560,tt0116282,4
560,tt0117951,4
560,tt0116629,4
560,tt0033467,4
560,tt0079470,4
560,tt0105236,4
560,tt0103772,4
560,tt0096754,4
560,tt0071853,4
560,tt0073486,4
560,tt0080684,4
560,tt0082971,4
560,tt0088846,4
560,tt0060196,4
560,tt0078788,4
560,tt0086190,4
560,tt0078748,4
28,tt0113277,4
28,tt0112641,2
28,tt0113161,3
28,tt0114746,4
28,tt0114369,3
28,tt0114814,4
28,tt0113862,4
28,tt0115759,2
28,tt0112573,4
28,tt0112442,2
28,tt0112740,3
28,tt0113481,3
28,tt0110148,3
28,tt0076759,4
28,tt0110413,4
28,tt0110912,4
28,tt0110932,2
28,tt0111282,4
28,tt0111161,4
28,tt0108550,4
28,tt0109444,3
28,tt0109506,3
28,tt0109830,4
28,tt0111257,2
28,tt0106697,1
28,tt0106977,3
28,tt0107206,2
28,tt0107290,2
28,tt0107818,4
28,tt0108052,3
28,tt0083658,4
28,tt0108358,3
28,tt0108399,3
28,tt0103064,4
28,tt0099348,4
28,tt0096895,2
28,tt0102926,2
28,tt0116282,3
28,tt0117500,1
28,tt0117998,2
28,tt0117951,4
28,tt0116629,3
28,tt0068646,4
28,tt0045152,2
28,tt0062622,3
105,tt0113277,4
105,tt0112641,4
105,tt0114746,4
105,tt0114369,5
105,tt0114814,5
105,tt0112573,4
105,tt0075314,4
105,tt0076759,4
105,tt0110413,5
105,tt0110912,5
105,tt0111161,5
105,tt0109830,4
105,tt0108052,4
105,tt0083658,4
105,tt0103064,4
105,tt0102926,4
105,tt0116282,4
105,tt0057012,4
105,tt0117951,5
105,tt0068646,5
105,tt0052357,4
105,tt0047396,4
105,tt0034583,4
105,tt0033467,4
105,tt0062622,4
105,tt0105236,5
105,tt0073486,4
105,tt0082971,4
105,tt0088846,4
105,tt0060196,4
105,tt0050083,4
105,tt0066921,5
105,tt0056592,4
105,tt0078788,5
105,tt0099685,5
105,tt0078748,4
105,tt0054215,4
105,tt0071562,4
105,tt0093058,4
105,tt0086879,5
105,tt0075686,4
105,tt0070735,4
105,tt0061722,4
105,tt0081505,4
105,tt0092005,4
57,tt0114709,5
57,tt0113277,3
57,tt0113189,3
57,tt0112346,3
57,tt0113161,3
57,tt0114746,4
57,tt0112697,3
57,tt0114814,5
57,tt0116367,1
57,tt0115759,3
57,tt0116483,2
57,tt0112573,4
57,tt0113326,4
57,tt0115685,4
57,tt0112384,3
57,tt0112462,2
57,tt0112642,1
57,tt0112715,1
57,tt0113957,2
57,tt0114898,1
57,tt0109707,5
57,tt0076759,5
57,tt0110912,3
57,tt0111282,3
57,tt0111280,4
57,tt0109444,4
57,tt0109830,4
57,tt0109831,4
57,tt0110357,4
57,tt0110475,3
57,tt0111257,2
57,tt0111503,4
57,tt0106220,2
57,tt0106582,2
57,tt0106673,4
57,tt0106697,2
57,tt0106977,5
57,tt0107206,3
57,tt0107290,5
57,tt0107362,3
57,tt0107614,3
57,tt0107977,3
57,tt0108052,5
57,tt0108160,3
57,tt0083658,5
140,tt0114709,3
140,tt0113497,4
140,tt0113277,5
140,tt0112346,4
140,tt0113161,4
140,tt0112431,4
140,tt0114369,4
140,tt0114814,3
140,tt0113862,4
140,tt0115759,2
140,tt0116483,3
140,tt0112573,4
140,tt0112384,5
140,tt0112740,4
140,tt0112851,3
140,tt0112864,4
140,tt0113957,3
140,tt0114898,4
140,tt0076759,4
140,tt0110322,3
140,tt0110632,2
140,tt0114069,3
140,tt0110413,5
140,tt0110912,4
140,tt0111070,4
140,tt0111161,4
140,tt0114924,3
140,tt0109444,4
140,tt0109446,3
140,tt0109506,3
140,tt0109830,4
140,tt0110357,4
140,tt0110478,3
140,tt0111257,4
140,tt0111503,4
140,tt0106582,3
140,tt0106673,4
140,tt0106918,4
140,tt0106977,4
140,tt0107206,4
140,tt0107290,4
140,tt0107614,4
140,tt0108052,5
140,tt0108160,3
140,tt0083658,3
292,tt0114709,4
292,tt0113189,4
292,tt0112281,2
292,tt0114746,2
292,tt0112431,4
292,tt0113862,3
292,tt0112573,2
292,tt0075314,2
292,tt0112462,3
292,tt0112740,4
292,tt0112864,4
292,tt0109686,2
292,tt0110148,2
292,tt0076759,4
292,tt0110912,3
292,tt0111161,5
292,tt0109040,2
292,tt0109444,4
292,tt0109830,4
292,tt0110357,4
292,tt0110475,2
292,tt0111257,4
292,tt0111503,4
292,tt0106582,3
292,tt0106673,4
292,tt0106977,4
292,tt0107206,4
292,tt0107290,4
292,tt0107614,4
292,tt0107977,2
292,tt0083658,4
292,tt0099785,4
292,tt0099653,4
292,tt0103639,4
292,tt0103064,4
292,tt0099348,3
292,tt0096895,4
292,tt0102926,3
292,tt0029583,3
292,tt0101414,4
292,tt0100405,4
292,tt0116282,2
292,tt0116136,4
292,tt0117500,4
292,tt0116629,4
573,tt0114709,5
573,tt0113497,4
573,tt0113277,4
573,tt0113189,4
573,tt0114369,5
573,tt0114814,5
573,tt0116483,5
573,tt0112573,5
573,tt0112384,3
573,tt0112462,2
573,tt0112851,5
573,tt0112864,5
573,tt0113957,4
573,tt0109686,5
573,tt0076759,5
573,tt0110413,5
573,tt0110912,5
573,tt0111282,4
573,tt0111161,4
573,tt0114694,5
573,tt0109830,4
573,tt0110357,4
573,tt0110475,3
573,tt0111257,5
573,tt0111503,4
573,tt0106977,4
573,tt0107290,5
573,tt0107614,5
573,tt0099785,5
573,tt0103639,4
573,tt0103064,5
573,tt0096895,4
573,tt0102926,4
573,tt0101414,4
573,tt0117060,4
573,tt0116136,3
573,tt0117500,4
573,tt0117998,4
573,tt0112691,4
573,tt0116629,5
573,tt0117218,4
573,tt0068646,5
573,tt0032138,4
573,tt0095016,5
573,tt0067992,4
132,tt0114709,2
132,tt0114388,3
132,tt0114746,3
132,tt0112431,2
132,tt0112697,3
132,tt0114369,4
132,tt0114148,3
132,tt0114814,4
132,tt0116367,2
132,tt0115685,4
132,tt0112642,2
132,tt0112851,2
132,tt0109707,3
132,tt0110148,2
132,tt0076759,2
132,tt0110632,4
132,tt0110413,4
132,tt0110912,4
132,tt0111161,4
132,tt0108550,3
132,tt0109040,2
132,tt0109506,3
132,tt0109830,4
132,tt0109831,4
132,tt0110357,4
132,tt0106220,3
132,tt0107614,2
132,tt0107977,2
132,tt0108160,3
132,tt0107688,4
132,tt0108399,4
132,tt0099785,2
132,tt0103639,4
132,tt0096895,2
132,tt0102926,4
132,tt0029583,3
132,tt0101414,4
132,tt0032910,2
132,tt0117705,2
132,tt0117951,3
132,tt0117218,2
132,tt0068646,3
132,tt0045152,4
132,tt0047396,4
132,tt0053291,4
469,tt0114709,4
469,tt0113277,3
469,tt0113189,2
469,tt0112346,3
469,tt0114746,5
469,tt0112818,3
469,tt0112697,2
469,tt0113855,1
469,tt0114369,4
469,tt0114814,4
469,tt0116367,2
469,tt0112573,5
469,tt0075314,5
469,tt0113326,3
469,tt0113957,3
469,tt0114898,3
469,tt0109445,3
469,tt0076759,4
469,tt0110632,2
469,tt0114069,3
469,tt0110413,4
469,tt0110912,5
469,tt0111282,3
469,tt0111161,5
469,tt0111280,2
469,tt0109831,3
469,tt0110475,2
469,tt0111503,4
469,tt0106598,3
469,tt0106673,3
469,tt0106918,3
469,tt0106977,3
469,tt0107206,3
469,tt0107290,3
469,tt0108052,4
469,tt0083658,5
469,tt0107688,4
469,tt0108333,2
469,tt0108399,5
469,tt0103639,2
469,tt0103064,4
469,tt0099348,4
469,tt0096895,3
469,tt0102926,4
469,tt0116282,5
200,tt0114709,4
200,tt0113041,4
200,tt0113189,4
200,tt0112281,4
200,tt0112431,2
200,tt0112697,5
200,tt0114369,4
200,tt0113862,3
200,tt0116483,4
200,tt0112573,4
200,tt0112384,4
200,tt0112864,4
200,tt0076759,5
200,tt0110912,5
200,tt0111161,5
200,tt0114924,4
200,tt0109040,4
200,tt0109830,4
200,tt0109831,4
200,tt0110475,4
200,tt0111257,4
200,tt0106598,4
200,tt0107290,4
200,tt0107614,3
200,tt0107818,4
200,tt0108160,3
200,tt0099785,3
200,tt0103639,4
200,tt0099348,4
200,tt0100405,5
200,tt0117060,4
200,tt0117979,4
200,tt0117998,2
200,tt0116629,4
200,tt0058331,3
200,tt0059742,4
200,tt0095016,4
200,tt0067992,4
200,tt0092099,4
200,tt0080684,5
200,tt0093779,5
200,tt0082971,4
200,tt0086190,5
200,tt0099685,4
200,tt0078748,4
103,tt0114709,4
103,tt0113497,4
103,tt0113041,4
103,tt0112641,5
103,tt0112281,4
103,tt0112431,4
103,tt0112818,4
103,tt0114148,4
103,tt0114814,4
103,tt0116367,4
103,tt0116483,4
103,tt0112573,4
103,tt0075314,4
103,tt0112384,4
103,tt0112642,4
103,tt0112508,4
103,tt0076759,4
103,tt0110912,5
103,tt0111070,4
103,tt0111161,5
103,tt0108550,4
103,tt0109040,4
103,tt0109830,4
103,tt0110357,3
103,tt0110475,4
103,tt0106220,4
103,tt0107290,4
103,tt0108052,4
103,tt0108160,4
103,tt0107688,4
103,tt0108399,5
103,tt0099785,4
103,tt0099348,4
103,tt0102926,5
103,tt0101414,3
103,tt0032910,4
103,tt0116282,4
103,tt0116683,4
103,tt0057012,4
103,tt0115798,3
103,tt0068646,4
103,tt0034583,5
103,tt0033467,4
103,tt0062622,4
103,tt0038650,4
391,tt0114709,3
391,tt0113277,4
391,tt0113189,3
391,tt0113627,5
391,tt0114746,4
391,tt0112431,3
391,tt0114369,3
391,tt0114814,4
391,tt0116367,1
391,tt0112573,5
391,tt0075314,5
391,tt0112384,4
391,tt0112864,2
391,tt0109445,4
391,tt0076759,5
391,tt0110413,5
391,tt0110912,5
391,tt0110932,4
391,tt0111161,5
391,tt0111280,2
391,tt0109444,3
391,tt0109446,2
391,tt0109506,4
391,tt0109830,5
391,tt0109831,4
391,tt0110478,4
391,tt0111257,2
391,tt0111503,2
391,tt0106697,1
391,tt0106918,3
391,tt0106977,4
391,tt0107290,2
391,tt0107614,4
391,tt0108052,5
391,tt0083658,5
391,tt0108399,5
391,tt0099653,3
391,tt0103064,4
391,tt0096895,4
391,tt0102926,3
391,tt0101414,3
391,tt0116282,5
391,tt0117060,3
391,tt0057012,5
391,tt0117951,5
160,tt0114709,4
160,tt0113497,4
160,tt0113277,2
160,tt0113189,1
160,tt0114746,5
160,tt0112431,5
160,tt0113855,3
160,tt0114369,5
160,tt0114814,4
160,tt0115759,1
160,tt0112573,4
160,tt0075314,5
160,tt0112384,5
160,tt0112462,3
160,tt0112642,3
160,tt0112864,3
160,tt0113492,3
160,tt0113957,1
160,tt0110148,3
160,tt0076759,5
160,tt0110632,5
160,tt0110413,1
160,tt0110912,5
160,tt0111282,2
160,tt0111280,1
160,tt0109506,5
160,tt0109830,3
160,tt0110357,5
160,tt0110475,5
160,tt0110478,2
160,tt0111257,3
160,tt0109254,1
160,tt0106582,3
160,tt0106598,1
160,tt0106697,2
160,tt0106977,2
160,tt0107144,4
160,tt0107290,2
160,tt0107362,1
160,tt0108052,5
160,tt0083658,5
160,tt0107688,5
160,tt0099653,3
160,tt0103064,5
160,tt0096895,4
328,tt0114709,5
328,tt0112431,5
328,tt0112697,2
328,tt0114369,4
328,tt0114814,4
328,tt0112573,1
328,tt0075314,2
328,tt0112384,3
328,tt0076759,5
328,tt0110413,4
328,tt0110912,5
328,tt0111070,2
328,tt0111161,5
328,tt0109830,3
328,tt0110357,2
328,tt0106977,2
328,tt0107290,2
328,tt0108052,5
328,tt0107688,2
328,tt0103639,4
328,tt0103064,1
328,tt0096895,2
328,tt0029583,4
328,tt0101414,3
328,tt0032910,4
328,tt0116282,5
328,tt0057012,5
328,tt0068646,5
328,tt0045152,1
328,tt0047396,4
328,tt0034583,1
328,tt0032138,3
328,tt0062622,4
328,tt0038650,5
328,tt0058331,5
328,tt0059742,5
328,tt0095016,1
328,tt0067992,5
328,tt0079470,5
328,tt0105236,5
328,tt0083866,5
328,tt0071853,5
328,tt0108598,3
328,tt0073486,5
328,tt0080684,5
63,tt0114709,5
63,tt0113189,3
63,tt0114746,3
63,tt0112431,3
63,tt0114369,4
63,tt0114814,5
63,tt0112573,2
63,tt0075314,3
63,tt0112384,3
63,tt0112462,1
63,tt0112864,4
63,tt0114898,2
63,tt0109686,3
63,tt0076759,5
63,tt0110413,4
63,tt0110912,5
63,tt0111161,5
63,tt0109040,5
63,tt0109830,4
63,tt0109831,4
63,tt0110357,4
63,tt0110475,4
63,tt0111257,2
63,tt0107290,2
63,tt0107614,3
63,tt0108052,4
63,tt0108399,2
63,tt0099785,2
63,tt0103639,4
63,tt0103064,4
63,tt0096895,4
63,tt0101414,3
63,tt0116282,4
63,tt0117060,4
63,tt0112691,5
63,tt0117951,4
63,tt0116629,3
63,tt0068646,4
63,tt0034583,4
63,tt0062622,4
63,tt0038650,4
63,tt0095016,4
63,tt0067992,3
63,tt0079470,5
63,tt0105236,3
354,tt0113189,4
354,tt0114746,4
354,tt0112431,4
354,tt0113855,4
354,tt0114369,4
354,tt0114814,4
354,tt0116367,4
354,tt0075314,4
354,tt0112384,4
354,tt0112864,4
354,tt0113957,4
354,tt0109635,4
354,tt0076759,4
354,tt0110912,4
354,tt0111161,4
354,tt0109040,2
354,tt0109506,4
354,tt0109830,4
354,tt0109831,4
354,tt0111257,4
354,tt0111503,4
354,tt0106918,4
354,tt0106977,4
354,tt0107144,3
354,tt0107290,4
354,tt0107822,4
354,tt0108052,4
354,tt0099785,3
354,tt0103639,4
354,tt0103064,4
354,tt0096895,4
354,tt0102926,4
354,tt0100405,4
354,tt0117060,4
354,tt0117500,4
354,tt0057012,3
354,tt0116629,4
354,tt0068646,4
354,tt0052357,4
354,tt0062622,4
354,tt0059742,4
354,tt0095016,4
354,tt0105236,4
354,tt0103772,4
354,tt0083866,4
596,tt0114709,4
596,tt0114746,4
596,tt0112431,4
596,tt0112697,4
596,tt0114814,4
596,tt0115685,4
596,tt0112384,4
596,tt0112462,2
596,tt0076759,4
596,tt0111280,3
596,tt0109830,4
596,tt0110357,4
596,tt0110475,3
596,tt0106977,4
596,tt0107818,4
596,tt0108052,4
596,tt0083658,4
596,tt0103064,3
596,tt0096895,4
596,tt0102926,4
596,tt0101414,4
596,tt0117333,4
596,tt0068646,4
596,tt0047396,4
596,tt0032138,4
596,tt0062622,4
596,tt0058331,4
596,tt0059742,4
596,tt0095016,4
596,tt0083866,4
596,tt0071853,4
596,tt0080684,4
596,tt0093779,4
596,tt0082971,4
596,tt0090605,4
596,tt0086190,4
596,tt0078748,4
596,tt0071562,3
596,tt0107048,3
596,tt0088763,4
596,tt0091203,4
596,tt0097576,4
596,tt0097351,4
596,tt0098635,4
596,tt0117731,4
534,tt0114709,4
534,tt0113497,4
534,tt0113189,4
534,tt0112281,4
534,tt0112431,4
534,tt0113855,4
534,tt0114369,4
534,tt0114148,4
534,tt0116483,4
534,tt0112462,4
534,tt0112642,4
534,tt0112715,4
534,tt0112864,4
534,tt0113492,4
534,tt0114898,4
534,tt0109445,4
534,tt0109686,3
534,tt0110148,4
534,tt0076759,4
534,tt0111282,4
534,tt0109040,4
534,tt0109830,4
534,tt0110357,4
534,tt0110475,4
534,tt0106697,4
534,tt0107290,4
534,tt0107614,4
534,tt0107688,4
534,tt0099785,4
534,tt0103639,4
534,tt0096895,4
534,tt0102926,4
534,tt0032910,4
534,tt0116136,4
534,tt0117998,4
534,tt0116629,4
534,tt0116583,4
534,tt0115798,4
534,tt0117218,3
534,tt0095016,4
534,tt0083866,4
534,tt0080684,4
534,tt0082971,4
534,tt0086190,4
534,tt0106308,4
597,tt0114709,4
597,tt0113277,3
597,tt0114319,1
597,tt0113189,3
597,tt0112346,3
597,tt0114388,3
597,tt0113161,5
597,tt0112431,4
597,tt0112697,4
597,tt0114369,4
597,tt0114814,5
597,tt0116367,2
597,tt0116483,5
597,tt0112573,5
597,tt0112442,2
597,tt0112462,3
597,tt0113492,1
597,tt0109445,3
597,tt0109707,4
597,tt0076759,5
597,tt0110632,3
597,tt0114069,4
597,tt0114924,3
597,tt0109444,3
597,tt0109830,5
597,tt0109831,5
597,tt0110478,4
597,tt0111257,4
597,tt0111503,2
597,tt0106582,2
597,tt0106673,4
597,tt0106697,1
597,tt0106977,5
597,tt0107206,5
597,tt0107290,5
597,tt0107362,1
597,tt0107614,4
597,tt0083658,4
597,tt0108399,5
597,tt0099653,4
597,tt0103639,4
597,tt0103064,5
597,tt0096895,4
597,tt0100405,4
597,tt0117060,4
339,tt0114709,4
339,tt0113277,4
339,tt0112641,4
339,tt0114746,3
339,tt0114369,4
339,tt0075314,4
339,tt0112384,4
339,tt0110912,2
339,tt0111161,4
339,tt0109830,4
339,tt0110357,4
339,tt0106918,4
339,tt0106977,4
339,tt0107290,4
339,tt0108052,5
339,tt0083658,5
339,tt0096895,2
339,tt0102926,5
339,tt0116282,5
339,tt0117060,4
339,tt0057012,5
339,tt0068646,4
339,tt0047396,4
339,tt0053125,4
339,tt0062622,5
339,tt0083866,4
339,tt0092099,2
339,tt0073486,5
339,tt0082971,5
339,tt0050083,4
339,tt0066921,5
339,tt0099685,4
339,tt0078748,4
339,tt0054215,4
339,tt0071562,4
339,tt0075686,4
339,tt0061722,3
339,tt0071315,4
339,tt0081505,5
339,tt0092005,5
339,tt0107048,5
339,tt0088763,4
339,tt0097576,4
339,tt0119008,4
339,tt0119116,2
217,tt0114709,4
217,tt0113497,2
217,tt0113228,1
217,tt0113277,2
217,tt0113189,4
217,tt0112281,1
217,tt0112431,4
217,tt0113855,2
217,tt0114369,2
217,tt0114814,3
217,tt0115759,3
217,tt0112573,2
217,tt0115685,3
217,tt0112462,2
217,tt0112642,2
217,tt0112715,3
217,tt0112864,3
217,tt0113481,3
217,tt0113492,2
217,tt0114898,3
217,tt0112508,1
217,tt0109445,4
217,tt0076759,5
217,tt0114069,3
217,tt0110912,2
217,tt0111282,3
217,tt0111070,2
217,tt0111280,4
217,tt0109040,3
217,tt0109444,4
217,tt0109830,2
217,tt0109831,3
217,tt0110475,3
217,tt0110478,3
217,tt0111503,2
217,tt0106220,3
217,tt0109439,3
217,tt0106582,3
217,tt0106598,3
217,tt0106697,3
217,tt0106977,4
217,tt0107206,4
217,tt0107290,4
217,tt0107362,3
217,tt0107614,3
517,tt0114709,4
517,tt0113497,3
517,tt0113189,1
517,tt0114388,1
517,tt0112431,5
517,tt0114369,2
517,tt0112573,2
517,tt0112642,2
517,tt0112864,2
517,tt0076759,4
517,tt0111161,4
517,tt0109040,2
517,tt0109444,2
517,tt0109830,4
517,tt0109831,5
517,tt0110357,4
517,tt0110475,3
517,tt0110478,3
517,tt0111257,3
517,tt0106220,1
517,tt0106977,2
517,tt0107290,1
517,tt0107614,5
517,tt0107818,4
517,tt0107822,4
517,tt0107977,2
517,tt0108052,4
517,tt0108160,3
517,tt0099785,5
517,tt0099653,4
517,tt0103639,3
517,tt0096895,3
517,tt0102926,3
517,tt0029583,4
517,tt0101414,4
517,tt0032910,4
517,tt0100405,3
517,tt0117705,2
517,tt0112691,2
517,tt0057012,1
517,tt0116629,4
517,tt0116583,2
517,tt0045152,4
517,tt0053291,4
517,tt0034583,4
42,tt0113228,4
42,tt0114319,3
42,tt0113189,5
42,tt0112346,5
42,tt0112641,5
42,tt0112281,2
42,tt0113161,4
42,tt0114369,4
42,tt0114814,5
42,tt0115759,3
42,tt0116483,4
42,tt0112573,4
42,tt0115685,1
42,tt0112384,5
42,tt0112462,2
42,tt0112740,3
42,tt0112851,3
42,tt0112864,2
42,tt0113071,3
42,tt0113492,2
42,tt0113957,4
42,tt0113986,4
42,tt0109445,5
42,tt0109635,4
42,tt0109686,4
42,tt0110148,5
42,tt0076759,5
42,tt0110632,5
42,tt0114069,3
42,tt0110912,5
42,tt0111282,2
42,tt0111161,4
42,tt0114694,5
42,tt0109040,2
42,tt0109444,4
42,tt0109446,4
42,tt0109506,2
42,tt0109830,5
42,tt0110357,4
42,tt0110478,3
42,tt0111503,3
42,tt0106220,2
42,tt0109254,3
42,tt0109439,3
42,tt0106582,4
570,tt0114709,4
570,tt0113497,4
570,tt0113189,4
570,tt0112346,4
570,tt0113627,4
570,tt0114746,4
570,tt0112431,4
570,tt0112697,3
570,tt0114369,4
570,tt0115759,2
570,tt0112573,4
570,tt0075314,3
570,tt0115685,2
570,tt0112384,4
570,tt0112462,2
570,tt0112715,2
570,tt0112740,3
570,tt0112864,4
570,tt0113957,2
570,tt0113986,1
570,tt0114898,2
570,tt0109686,2
570,tt0110148,3
570,tt0076759,4
570,tt0114069,4
570,tt0110413,4
570,tt0111282,4
570,tt0111161,4
570,tt0111280,4
570,tt0108550,3
570,tt0109444,4
570,tt0109506,3
570,tt0109830,4
570,tt0109831,4
570,tt0110357,4
570,tt0110475,1
570,tt0111257,4
570,tt0111503,4
570,tt0106220,2
570,tt0106582,2
570,tt0106697,2
570,tt0106918,4
570,tt0106977,4
570,tt0107818,4
570,tt0107822,4
21,tt0114709,4
21,tt0113497,4
21,tt0113189,5
21,tt0112281,2
21,tt0113855,1
21,tt0114148,3
21,tt0112442,3
21,tt0112864,4
21,tt0076759,4
21,tt0110413,3
21,tt0110912,4
21,tt0109830,4
21,tt0110357,4
21,tt0110475,3
21,tt0110622,5
21,tt0106598,1
21,tt0107290,4
21,tt0107614,2
21,tt0083658,4
21,tt0107688,1
21,tt0099785,2
21,tt0103639,4
21,tt0103064,4
21,tt0096895,4
21,tt0100405,4
21,tt0117060,4
21,tt0117500,4
21,tt0112691,3
21,tt0116629,4
21,tt0068646,2
21,tt0095016,4
21,tt0108598,3
21,tt0080684,4
21,tt0082971,4
21,tt0090605,2
21,tt0086190,4
21,tt0078748,2
21,tt0071562,2
21,tt0075686,2
21,tt0088247,4
21,tt0107048,4
21,tt0088763,5
21,tt0097576,4
21,tt0099423,4
21,tt0116996,1
199,tt0113277,4
199,tt0114319,3
199,tt0112346,4
199,tt0113161,4
199,tt0113627,5
199,tt0112818,4
199,tt0114369,3
199,tt0114814,4
199,tt0113862,1
199,tt0075314,3
199,tt0112384,4
199,tt0112740,4
199,tt0109445,3
199,tt0076759,4
199,tt0110322,2
199,tt0110413,4
199,tt0110912,4
199,tt0110932,4
199,tt0111161,4
199,tt0109444,4
199,tt0109830,2
199,tt0111257,2
199,tt0111503,3
199,tt0106673,4
199,tt0106977,4
199,tt0107144,3
199,tt0107822,3
199,tt0108052,5
199,tt0108160,2
199,tt0083658,5
199,tt0107688,1
199,tt0108399,2
199,tt0099653,2
199,tt0103064,4
199,tt0096895,3
199,tt0102926,4
199,tt0100405,3
199,tt0116282,5
199,tt0117998,3
199,tt0057012,5
199,tt0117951,4
199,tt0116629,3
199,tt0068646,4
199,tt0052357,3
199,tt0047396,3
356,tt0113161,4
356,tt0114814,4
356,tt0113862,4
356,tt0116483,3
356,tt0115685,4
356,tt0112642,3
356,tt0113071,3
356,tt0114898,4
356,tt0112508,3
356,tt0109445,4
356,tt0110322,4
356,tt0111282,4
356,tt0111161,4
356,tt0108550,4
356,tt0109040,2
356,tt0109444,4
356,tt0109830,4
356,tt0111503,3
356,tt0106918,3
356,tt0106977,4
356,tt0107362,2
356,tt0107614,4
356,tt0083658,4
356,tt0108358,4
356,tt0117500,4
356,tt0112691,5
356,tt0117951,4
356,tt0117333,2
356,tt0034583,5
356,tt0095016,3
356,tt0079470,5
356,tt0105236,5
356,tt0071853,4
356,tt0108598,5
356,tt0093779,4
356,tt0082971,4
356,tt0066921,4
356,tt0078788,5
356,tt0080455,5
356,tt0093058,4
356,tt0070735,4
356,tt0097165,5
356,tt0061722,5
356,tt0092005,4
356,tt0107048,4
555,tt0114709,4
555,tt0113228,5
555,tt0112281,3
555,tt0113161,4
555,tt0114746,4
555,tt0112697,4
555,tt0114814,5
555,tt0116483,5
555,tt0112573,5
555,tt0115685,4
555,tt0112442,4
555,tt0112384,4
555,tt0112462,3
555,tt0112715,2
555,tt0113481,2
555,tt0113492,1
555,tt0113957,3
555,tt0113986,3
555,tt0112508,3
555,tt0109686,4
555,tt0076759,5
555,tt0110413,5
555,tt0110912,4
555,tt0111282,4
555,tt0111161,5
555,tt0111280,3
555,tt0114694,5
555,tt0108550,5
555,tt0114924,3
555,tt0109040,4
555,tt0109830,5
555,tt0109831,4
555,tt0110475,3
555,tt0111503,4
555,tt0106220,4
555,tt0109254,3
555,tt0106598,2
555,tt0106673,4
555,tt0106977,4
555,tt0107144,2
555,tt0107290,4
555,tt0107614,4
555,tt0083658,4
555,tt0108399,3
555,tt0099785,4
282,tt0114709,4
282,tt0113277,4
282,tt0113189,4
282,tt0112641,4
282,tt0113627,4
282,tt0114746,4
282,tt0114814,4
282,tt0075314,4
282,tt0112384,4
282,tt0109686,1
282,tt0076759,4
282,tt0110912,4
282,tt0111161,4
282,tt0109040,2
282,tt0109830,4
282,tt0111257,4
282,tt0107290,4
282,tt0107614,4
282,tt0108052,5
282,tt0099653,4
282,tt0103639,4
282,tt0103064,4
282,tt0096895,4
282,tt0102926,4
282,tt0100405,4
282,tt0117060,3
282,tt0057012,4
282,tt0116629,4
282,tt0115798,4
282,tt0068646,5
282,tt0034583,4
282,tt0032138,5
282,tt0033467,1
282,tt0058331,4
282,tt0067992,4
282,tt0095159,4
282,tt0079470,4
282,tt0105236,5
282,tt0071853,5
282,tt0073486,5
282,tt0060196,4
282,tt0050083,4
282,tt0078788,4
282,tt0099685,4
282,tt0080455,4
428,tt0112281,1
428,tt0113855,2
428,tt0116367,3
428,tt0115759,2
428,tt0116483,3
428,tt0112573,2
428,tt0112442,2
428,tt0112384,2
428,tt0112715,2
428,tt0112851,3
428,tt0112864,1
428,tt0113071,2
428,tt0113492,3
428,tt0114898,2
428,tt0112508,3
428,tt0109445,4
428,tt0109686,2
428,tt0110148,4
428,tt0076759,4
428,tt0110912,4
428,tt0111070,1
428,tt0108550,4
428,tt0109040,1
428,tt0109506,4
428,tt0109830,3
428,tt0111257,2
428,tt0111503,2
428,tt0107290,2
428,tt0107614,1
428,tt0083658,4
428,tt0107688,4
428,tt0099785,2
428,tt0103639,2
428,tt0103064,2
428,tt0099348,2
428,tt0096895,3
428,tt0102926,2
428,tt0117060,2
428,tt0116136,2
428,tt0116683,3
428,tt0112691,2
428,tt0116629,3
428,tt0115798,2
428,tt0116213,3
428,tt0117333,3
453,tt0114709,5
453,tt0113189,2
453,tt0112641,3
453,tt0113161,3
453,tt0114746,5
453,tt0112431,4
453,tt0114369,5
453,tt0114814,5
453,tt0116367,4
453,tt0116483,4
453,tt0112573,5
453,tt0113326,5
453,tt0112442,3
453,tt0112851,4
453,tt0112864,5
453,tt0114898,2
453,tt0109686,5
453,tt0076759,4
453,tt0114069,4
453,tt0110912,5
453,tt0110932,5
453,tt0111282,3
453,tt0111161,5
453,tt0109040,4
453,tt0109830,5
453,tt0109831,5
453,tt0110357,5
453,tt0110475,5
453,tt0110478,5
453,tt0110622,5
453,tt0111257,4
453,tt0111503,4
453,tt0106582,4
453,tt0106977,5
453,tt0107144,5
453,tt0107290,4
453,tt0107977,4
453,tt0108052,3
453,tt0108333,4
453,tt0103639,5
453,tt0103064,5
453,tt0102926,4
453,tt0100405,4
453,tt0116282,4
453,tt0117060,3
66,tt0114709,4
66,tt0113041,4
66,tt0112281,3
66,tt0113161,4
66,tt0114746,5
66,tt0114369,5
66,tt0114814,4
66,tt0112573,5
66,tt0075314,4
66,tt0113481,4
66,tt0114898,4
66,tt0109445,4
66,tt0076759,2
66,tt0110413,4
66,tt0110912,5
66,tt0111161,4
66,tt0108550,4
66,tt0109830,5
66,tt0109831,5
66,tt0111503,4
66,tt0106697,3
66,tt0106977,3
66,tt0107290,3
66,tt0107362,2
66,tt0083658,5
66,tt0107688,4
66,tt0108399,4
66,tt0099785,3
66,tt0103064,4
66,tt0099348,4
66,tt0096895,4
66,tt0102926,4
66,tt0116282,4
66,tt0116629,4
66,tt0052357,4
66,tt0034583,4
66,tt0032138,4
66,tt0038650,4
66,tt0095016,4
66,tt0067992,4
66,tt0095159,4
66,tt0079470,4
66,tt0105236,4
66,tt0091763,4
66,tt0096754,4
156,tt0114709,4
156,tt0112346,3
156,tt0114388,4
156,tt0112281,3
156,tt0113161,5
156,tt0113627,4
156,tt0112431,4
156,tt0112697,1
156,tt0114369,4
156,tt0114814,4
156,tt0113862,2
156,tt0075314,4
156,tt0112384,4
156,tt0113957,3
156,tt0109445,4
156,tt0109707,4
156,tt0076759,1
156,tt0110632,4
156,tt0110912,5
156,tt0110932,4
156,tt0111161,4
156,tt0109040,3
156,tt0109830,3
156,tt0109831,3
156,tt0110475,3
156,tt0110622,4
156,tt0106673,3
156,tt0106977,4
156,tt0107290,3
156,tt0107614,2
156,tt0108160,3
156,tt0083658,4
156,tt0099785,2
156,tt0099653,3
156,tt0099348,4
156,tt0102926,4
156,tt0100405,4
156,tt0116282,5
156,tt0117060,4
156,tt0116683,4
156,tt0117979,3
156,tt0057012,5
156,tt0117951,4
156,tt0068646,5
156,tt0047396,5
313,tt0113277,3
313,tt0113189,4
313,tt0114746,4
313,tt0112697,4
313,tt0114369,5
313,tt0114814,5
313,tt0116367,4
313,tt0112851,3
313,tt0112864,3
313,tt0113481,1
313,tt0109445,5
313,tt0110148,4
313,tt0076759,3
313,tt0110413,4
313,tt0110912,5
313,tt0111282,4
313,tt0111161,3
313,tt0109506,4
313,tt0110475,2
313,tt0111257,2
313,tt0111503,5
313,tt0106697,4
313,tt0106977,2
313,tt0107206,3
313,tt0107290,3
313,tt0083658,5
313,tt0103064,5
313,tt0096895,5
313,tt0102926,5
313,tt0116282,4
313,tt0117060,1
313,tt0117705,1
313,tt0117500,2
313,tt0057012,5
313,tt0116629,3
313,tt0068646,5
313,tt0034583,3
313,tt0032138,3
313,tt0062622,3
313,tt0095016,4
313,tt0067992,3
313,tt0079470,1
313,tt0105236,5
313,tt0083866,2
313,tt0096754,3
368,tt0113228,3
368,tt0113277,4
368,tt0113189,3
368,tt0112641,4
368,tt0113161,3
368,tt0114369,4
368,tt0114814,4
368,tt0116367,3
368,tt0115759,2
368,tt0112573,4
368,tt0075314,3
368,tt0112715,2
368,tt0112740,4
368,tt0112851,3
368,tt0112864,2
368,tt0113071,2
368,tt0113481,2
368,tt0113492,2
368,tt0113957,2
368,tt0114898,3
368,tt0109635,3
368,tt0076759,4
368,tt0110322,4
368,tt0110632,3
368,tt0114069,4
368,tt0110413,4
368,tt0110912,5
368,tt0111282,2
368,tt0111070,3
368,tt0109444,4
368,tt0109446,3
368,tt0109506,2
368,tt0109830,4
368,tt0110475,3
368,tt0110478,3
368,tt0110622,3
368,tt0111257,3
368,tt0111503,3
368,tt0106582,3
368,tt0106918,4
368,tt0106977,3
368,tt0107144,3
368,tt0107206,3
368,tt0107290,4
368,tt0107362,2
275,tt0114709,5
275,tt0114388,5
275,tt0113161,5
275,tt0113627,3
275,tt0114746,5
275,tt0112431,5
275,tt0112697,4
275,tt0114814,4
275,tt0075314,3
275,tt0109707,5
275,tt0076759,4
275,tt0110912,5
275,tt0110932,3
275,tt0111161,4
275,tt0108550,4
275,tt0109830,3
275,tt0109831,4
275,tt0106673,4
275,tt0107206,4
275,tt0107290,4
275,tt0108052,5
275,tt0083658,5
275,tt0099653,3
275,tt0102926,5
275,tt0116282,4
275,tt0117979,4
275,tt0057012,3
275,tt0117951,5
275,tt0068646,5
275,tt0052357,5
275,tt0047396,5
275,tt0053125,5
275,tt0053291,3
275,tt0034583,5
275,tt0033467,5
275,tt0062622,1
275,tt0038650,5
275,tt0095159,5
275,tt0105236,5
275,tt0083866,4
275,tt0071853,5
275,tt0108598,5
275,tt0073486,5
275,tt0093779,5
275,tt0082971,4
332,tt0114709,4
332,tt0112641,4
332,tt0114746,2
332,tt0114369,4
332,tt0114814,4
332,tt0112573,4
332,tt0075314,4
332,tt0112384,4
332,tt0114898,2
332,tt0110632,4
332,tt0110413,3
332,tt0110912,4
332,tt0111282,3
332,tt0111161,4
332,tt0109830,4
332,tt0110475,4
332,tt0111257,4
332,tt0107290,4
332,tt0108052,4
332,tt0083658,5
332,tt0103064,4
332,tt0099348,4
332,tt0102926,4
332,tt0116282,4
332,tt0057012,4
332,tt0116629,2
332,tt0047396,4
332,tt0053291,4
332,tt0034583,4
332,tt0095159,4
332,tt0105236,4
332,tt0083866,4
332,tt0080684,4
332,tt0088846,3
332,tt0090605,4
332,tt0050083,4
332,tt0066921,4
332,tt0078788,4
332,tt0086190,4
332,tt0099685,4
332,tt0078748,4
332,tt0086879,4
332,tt0070735,4
332,tt0088247,4
332,tt0081505,4
514,tt0114709,4
514,tt0112346,4
514,tt0112641,4
514,tt0112431,4
514,tt0113855,2
514,tt0114369,4
514,tt0113862,4
514,tt0112384,4
514,tt0112740,4
514,tt0113957,3
514,tt0076759,5
514,tt0110912,4
514,tt0114924,4
514,tt0109830,4
514,tt0110357,4
514,tt0106673,4
514,tt0106977,4
514,tt0107206,4
514,tt0107290,4
514,tt0099785,4
514,tt0103639,4
514,tt0103064,4
514,tt0096895,2
514,tt0102926,5
514,tt0101414,4
514,tt0032910,4
514,tt0100405,2
514,tt0116282,4
514,tt0117060,4
514,tt0117951,2
514,tt0032138,4
514,tt0095016,4
514,tt0095159,4
514,tt0105236,4
514,tt0091763,4
514,tt0083866,4
514,tt0092099,3
514,tt0096754,4
514,tt0071853,4
514,tt0073486,4
514,tt0080684,5
514,tt0093779,5
514,tt0082971,5
514,tt0090605,5
514,tt0056592,4
135,tt0114709,4
135,tt0113497,3
135,tt0113161,3
135,tt0114746,5
135,tt0114369,5
135,tt0112573,4
135,tt0113326,4
135,tt0115685,4
135,tt0112462,1
135,tt0112740,5
135,tt0112864,1
135,tt0109445,5
135,tt0109686,2
135,tt0076759,4
135,tt0110632,3
135,tt0114069,4
135,tt0110413,4
135,tt0110912,4
135,tt0110932,4
135,tt0111161,5
135,tt0111280,2
135,tt0109444,2
135,tt0110475,4
135,tt0111257,4
135,tt0111503,3
135,tt0106220,4
135,tt0109254,3
135,tt0106977,4
135,tt0107144,3
135,tt0107290,5
135,tt0107362,5
135,tt0107977,3
135,tt0108052,5
135,tt0107688,4
135,tt0099653,4
135,tt0103064,4
135,tt0096895,5
135,tt0102926,5
135,tt0116282,4
135,tt0117060,4
135,tt0117705,2
135,tt0116629,3
135,tt0117218,4
135,tt0068646,4
135,tt0034583,4
166,tt0114709,5
166,tt0113277,4
166,tt0113189,4
166,tt0114388,4
166,tt0114746,4
166,tt0114369,4
166,tt0114814,5
166,tt0112462,2
166,tt0076759,4
166,tt0110413,4
166,tt0110912,4
166,tt0111161,4
166,tt0109444,4
166,tt0109506,4
166,tt0109830,4
166,tt0110475,4
166,tt0111257,3
166,tt0106582,2
166,tt0106977,4
166,tt0107977,4
166,tt0108052,4
166,tt0103639,5
166,tt0096895,4
166,tt0102926,4
166,tt0100405,4
166,tt0116282,4
166,tt0117060,3
166,tt0117951,4
166,tt0068646,4
166,tt0047396,4
166,tt0033467,4
166,tt0095016,4
166,tt0105236,4
166,tt0083866,4
166,tt0073486,4
166,tt0080684,4
166,tt0093779,4
166,tt0082971,4
166,tt0066921,4
166,tt0086190,5
166,tt0078748,4
166,tt0071562,4
166,tt0093058,4
166,tt0086879,4
166,tt0070735,4
202,tt0114709,4
202,tt0113497,4
202,tt0113277,5
202,tt0113189,4
202,tt0112346,4
202,tt0114746,4
202,tt0113855,2
202,tt0114814,4
202,tt0113862,3
202,tt0112573,4
202,tt0112384,4
202,tt0112740,4
202,tt0109707,4
202,tt0076759,4
202,tt0110413,5
202,tt0110912,4
202,tt0110932,4
202,tt0111161,4
202,tt0109446,3
202,tt0109506,4
202,tt0109830,5
202,tt0109831,4
202,tt0111257,3
202,tt0109254,1
202,tt0106673,3
202,tt0106977,3
202,tt0107206,3
202,tt0107290,4
202,tt0107818,4
202,tt0107822,3
202,tt0083658,5
202,tt0103639,4
202,tt0103064,5
202,tt0099348,4
202,tt0096895,3
202,tt0102926,5
202,tt0101414,4
202,tt0032910,4
202,tt0116282,4
202,tt0117060,3
202,tt0057012,5
202,tt0116629,2
202,tt0068646,4
202,tt0053125,5
202,tt0034583,5
111,tt0113041,4
111,tt0112641,4
111,tt0112431,2
111,tt0112697,4
111,tt0114148,4
111,tt0116483,4
111,tt0112442,4
111,tt0111161,4
111,tt0109830,5
111,tt0110357,4
111,tt0106220,4
111,tt0107290,2
111,tt0107614,4
111,tt0107688,4
111,tt0103639,4
111,tt0102926,1
111,tt0101414,3
111,tt0100405,4
111,tt0117705,2
111,tt0115798,2
111,tt0058331,4
111,tt0095016,2
111,tt0093779,4
111,tt0066921,2
111,tt0032455,4
111,tt0115433,2
111,tt0117571,1
111,tt0119528,4
111,tt0118655,4
111,tt0119567,2
111,tt0119654,3
111,tt0120201,2
111,tt0120382,4
111,tt0119217,4
111,tt0120338,4
111,tt0120888,4
111,tt0089218,2
111,tt0061852,4
111,tt0097757,3
111,tt0120611,4
111,tt0094721,4
111,tt0120586,4
111,tt0120623,4
111,tt0122933,3
111,tt0133093,1
141,tt0114709,4
141,tt0112281,2
141,tt0114369,3
141,tt0116483,4
141,tt0112573,4
141,tt0112384,4
141,tt0109686,3
141,tt0076759,4
141,tt0110912,4
141,tt0111070,4
141,tt0111161,4
141,tt0109040,2
141,tt0109830,4
141,tt0110357,4
141,tt0110475,2
141,tt0107290,3
141,tt0107614,3
141,tt0107977,4
141,tt0103639,4
141,tt0117705,4
141,tt0116629,3
141,tt0068646,2
141,tt0080684,3
141,tt0093779,4
141,tt0082971,3
141,tt0086190,4
141,tt0107048,4
141,tt0088763,2
141,tt0097576,2
141,tt0119528,2
141,tt0118655,3
141,tt0119116,4
141,tt0119654,4
141,tt0119177,4
141,tt0120382,3
141,tt0119217,4
141,tt0118715,4
141,tt0120591,3
141,tt0088847,4
141,tt0093409,4
141,tt0104714,3
141,tt0120815,4
141,tt0120623,4
141,tt0151804,4
141,tt0133093,4
509,tt0114709,4
509,tt0113041,2
509,tt0114388,3
509,tt0112281,4
509,tt0114746,4
509,tt0112431,4
509,tt0112697,4
509,tt0114148,4
509,tt0112462,2
509,tt0109686,2
509,tt0076759,4
509,tt0110912,4
509,tt0109040,4
509,tt0110357,4
509,tt0110475,4
509,tt0107688,4
509,tt0099785,1
509,tt0103639,4
509,tt0029583,3
509,tt0101414,4
509,tt0032910,2
509,tt0116136,3
509,tt0116683,4
509,tt0116583,3
509,tt0034583,3
509,tt0067992,4
509,tt0095159,4
509,tt0079470,4
509,tt0096754,4
509,tt0071853,4
509,tt0108598,4
509,tt0080684,4
509,tt0093779,4
509,tt0082971,4
509,tt0086879,4
509,tt0107048,3
509,tt0032455,4
509,tt0115433,2
509,tt0116996,4
509,tt0118655,4
509,tt0120382,4
509,tt0119217,4
509,tt0118715,4
509,tt0120591,3
509,tt0120815,4
62,tt0113497,4
62,tt0113277,4
62,tt0114369,4
62,tt0112573,4
62,tt0076759,4
62,tt0110413,5
62,tt0110912,4
62,tt0111161,4
62,tt0109040,3
62,tt0109830,5
62,tt0106220,4
62,tt0108052,4
62,tt0099785,4
62,tt0102926,5
62,tt0117951,4
62,tt0068646,5
62,tt0105236,5
62,tt0083866,4
62,tt0073486,4
62,tt0080684,4
62,tt0082971,4
62,tt0050083,5
62,tt0086190,4
62,tt0071562,5
62,tt0097165,4
62,tt0107048,4
62,tt0088763,4
62,tt0097576,4
62,tt0119654,3
62,tt0099810,4
62,tt0118971,5
62,tt0119177,5
62,tt0120382,4
62,tt0119217,5
62,tt0120338,4
62,tt0118715,4
62,tt0095953,5
62,tt0096874,5
62,tt0099088,4
62,tt0120815,4
62,tt0087469,4
62,tt0120586,4
62,tt0133093,5
62,tt0120616,3
62,tt0120915,4
220,tt0114709,5
220,tt0113277,4
220,tt0113189,4
220,tt0114746,4
220,tt0112431,4
220,tt0114369,3
220,tt0114814,5
220,tt0112384,5
220,tt0112864,4
220,tt0114898,1
220,tt0109445,5
220,tt0109686,4
220,tt0076759,5
220,tt0110912,5
220,tt0111282,2
220,tt0111161,5
220,tt0109040,2
220,tt0109444,4
220,tt0109830,5
220,tt0110357,4
220,tt0111257,4
220,tt0111503,4
220,tt0107290,5
220,tt0083658,2
220,tt0099785,4
220,tt0103639,5
220,tt0103064,5
220,tt0099348,5
220,tt0116282,5
220,tt0117060,3
220,tt0117500,4
220,tt0117998,4
220,tt0116629,4
220,tt0068646,5
220,tt0034583,5
220,tt0095016,5
220,tt0105236,4
220,tt0073486,5
220,tt0080684,5
220,tt0093779,4
220,tt0082971,5
220,tt0090605,5
220,tt0066921,5
220,tt0086190,4
220,tt0099685,5
432,tt0114709,2
432,tt0113497,4
432,tt0112281,2
432,tt0113627,4
432,tt0112818,4
432,tt0114369,4
432,tt0114814,3
432,tt0112573,4
432,tt0112462,4
432,tt0112864,2
432,tt0113071,4
432,tt0113957,4
432,tt0110148,4
432,tt0076759,4
432,tt0110413,4
432,tt0110912,2
432,tt0111161,3
432,tt0109040,2
432,tt0109830,4
432,tt0110357,5
432,tt0110475,2
432,tt0107290,4
432,tt0107614,4
432,tt0108052,4
432,tt0099653,4
432,tt0103064,4
432,tt0099348,4
432,tt0102926,4
432,tt0101414,4
432,tt0100405,4
432,tt0117060,4
432,tt0117951,4
432,tt0116629,2
432,tt0068646,4
432,tt0034583,5
432,tt0095016,2
432,tt0103772,4
432,tt0083866,3
432,tt0080684,4
432,tt0090605,4
432,tt0066921,4
432,tt0086190,4
432,tt0078748,4
432,tt0071562,4
432,tt0088247,4
462,tt0114709,2
462,tt0113189,3
462,tt0112641,4
462,tt0113161,4
462,tt0113627,3
462,tt0114746,4
462,tt0112818,4
462,tt0114369,4
462,tt0114814,4
462,tt0075314,5
462,tt0109445,4
462,tt0109686,2
462,tt0109707,2
462,tt0076759,4
462,tt0110632,4
462,tt0110912,2
462,tt0110932,2
462,tt0111161,4
462,tt0108550,2
462,tt0109830,2
462,tt0110357,1
462,tt0111257,1
462,tt0107614,1
462,tt0107818,2
462,tt0107822,3
462,tt0108052,2
462,tt0083658,4
462,tt0103064,2
462,tt0096895,3
462,tt0102926,4
462,tt0100405,2
462,tt0116282,4
462,tt0117979,1
462,tt0057012,4
462,tt0117951,2
462,tt0068646,5
462,tt0047396,4
462,tt0053125,4
462,tt0053291,4
462,tt0034583,4
462,tt0032138,4
462,tt0033467,4
462,tt0062622,2
462,tt0038650,4
462,tt0095016,2
122,tt0113497,4
122,tt0112281,4
122,tt0114746,5
122,tt0114369,4
122,tt0114814,5
122,tt0116367,4
122,tt0116483,4
122,tt0075314,5
122,tt0112864,5
122,tt0109686,4
122,tt0110148,4
122,tt0076759,5
122,tt0110632,5
122,tt0114069,4
122,tt0110912,5
122,tt0111161,5
122,tt0109830,5
122,tt0106697,4
122,tt0107290,4
122,tt0107977,4
122,tt0107688,5
122,tt0108399,4
122,tt0103064,5
122,tt0096895,4
122,tt0102926,5
122,tt0116282,5
122,tt0117951,5
122,tt0116629,4
122,tt0115798,5
122,tt0068646,5
122,tt0033467,5
122,tt0067992,5
122,tt0079470,5
122,tt0105236,5
122,tt0091763,5
122,tt0071853,5
122,tt0080684,5
122,tt0093779,5
122,tt0088846,5
122,tt0090605,5
122,tt0078788,5
122,tt0086190,5
122,tt0099685,5
122,tt0078748,5
122,tt0054215,4
198,tt0114388,3
198,tt0113627,4
198,tt0114746,5
198,tt0112431,4
198,tt0112818,5
198,tt0114369,5
198,tt0114814,5
198,tt0116483,3
198,tt0112573,3
198,tt0113481,4
198,tt0113957,4
198,tt0076759,5
198,tt0110322,4
198,tt0110912,5
198,tt0111282,5
198,tt0111161,5
198,tt0109040,4
198,tt0109830,5
198,tt0109831,5
198,tt0110357,4
198,tt0110478,4
198,tt0106697,4
198,tt0107290,3
198,tt0083658,3
198,tt0103064,3
198,tt0096895,3
198,tt0102926,4
198,tt0100405,3
198,tt0116282,3
198,tt0117060,3
198,tt0057012,3
198,tt0117951,4
198,tt0116629,2
198,tt0052357,4
198,tt0034583,5
198,tt0033467,5
198,tt0062622,4
198,tt0095159,2
198,tt0105236,5
198,tt0103772,4
198,tt0083866,3
198,tt0096754,4
198,tt0080684,5
198,tt0093779,5
198,tt0082971,4
169,tt0114709,4
169,tt0113497,4
169,tt0113228,5
169,tt0113041,5
169,tt0114319,4
169,tt0112346,4
169,tt0112431,4
169,tt0112697,4
169,tt0114148,4
169,tt0113862,5
169,tt0116483,5
169,tt0112384,4
169,tt0113957,4
169,tt0114898,4
169,tt0112508,4
169,tt0109686,4
169,tt0111070,5
169,tt0111161,5
169,tt0114694,4
169,tt0114924,4
169,tt0109040,4
169,tt0109830,4
169,tt0110357,4
169,tt0111257,4
169,tt0106673,4
169,tt0106977,4
169,tt0107290,4
169,tt0107614,5
169,tt0108052,5
169,tt0108160,4
169,tt0099785,5
169,tt0103639,5
169,tt0029583,4
169,tt0101414,5
169,tt0100405,4
169,tt0116683,4
169,tt0117998,4
169,tt0116583,4
169,tt0117218,4
169,tt0045152,5
169,tt0032138,5
169,tt0038650,5
169,tt0058331,5
169,tt0059742,5
169,tt0067992,5
304,tt0114709,5
304,tt0113497,4
304,tt0114319,4
304,tt0113189,4
304,tt0112346,5
304,tt0114388,3
304,tt0113161,4
304,tt0114746,4
304,tt0112818,1
304,tt0113862,5
304,tt0112573,5
304,tt0113326,1
304,tt0115685,3
304,tt0112384,5
304,tt0112462,3
304,tt0112864,4
304,tt0113071,4
304,tt0113481,2
304,tt0113492,3
304,tt0113957,4
304,tt0114898,4
304,tt0076759,5
304,tt0110322,4
304,tt0110632,1
304,tt0110413,4
304,tt0110912,5
304,tt0111161,4
304,tt0111280,4
304,tt0109444,4
304,tt0109830,5
304,tt0109831,5
304,tt0110357,2
304,tt0110478,4
304,tt0111257,3
304,tt0111503,4
304,tt0106673,5
304,tt0106697,3
304,tt0106977,5
304,tt0107206,5
304,tt0107290,4
304,tt0107614,1
304,tt0108052,5
304,tt0108160,4
304,tt0083658,4
304,tt0108333,4
294,tt0113497,3
294,tt0113228,1
294,tt0113277,3
294,tt0113189,3
294,tt0112281,2
294,tt0113161,3
294,tt0112697,2
294,tt0113855,3
294,tt0114369,2
294,tt0114814,3
294,tt0116367,4
294,tt0112462,3
294,tt0113492,3
294,tt0076759,5
294,tt0110413,3
294,tt0110912,4
294,tt0111282,3
294,tt0111070,2
294,tt0111280,4
294,tt0114694,1
294,tt0109444,2
294,tt0109830,5
294,tt0109831,2
294,tt0110475,4
294,tt0110478,4
294,tt0110622,3
294,tt0109254,2
294,tt0109439,1
294,tt0106582,1
294,tt0106598,4
294,tt0106673,3
294,tt0107144,1
294,tt0107362,1
294,tt0107614,3
294,tt0107977,2
294,tt0108160,3
294,tt0107688,4
294,tt0108333,2
294,tt0108399,3
294,tt0099785,2
294,tt0099653,2
294,tt0103639,3
294,tt0099348,3
294,tt0096895,3
294,tt0100405,1
247,tt0114709,5
247,tt0114746,3
247,tt0114369,4
247,tt0114814,5
247,tt0112573,4
247,tt0112384,3
247,tt0109445,3
247,tt0076759,4
247,tt0110413,4
247,tt0110912,4
247,tt0111161,4
247,tt0109830,5
247,tt0110357,5
247,tt0107290,4
247,tt0108052,4
247,tt0103639,5
247,tt0103064,4
247,tt0102926,4
247,tt0116282,4
247,tt0068646,4
247,tt0045152,5
247,tt0034583,4
247,tt0032138,4
247,tt0033467,4
247,tt0038650,2
247,tt0059742,2
247,tt0067992,4
247,tt0105236,4
247,tt0071853,2
247,tt0073486,5
247,tt0080684,4
247,tt0093779,5
247,tt0082971,4
247,tt0056592,3
247,tt0086190,4
247,tt0099685,4
247,tt0071562,4
247,tt0097165,3
247,tt0081505,4
247,tt0107048,3
247,tt0088763,4
247,tt0097576,4
247,tt0077631,1
247,tt0119174,3
247,tt0120382,5
1,tt0114709,4
1,tt0113228,4
1,tt0113277,4
1,tt0114369,5
1,tt0114814,5
1,tt0116367,3
1,tt0112573,4
1,tt0112851,5
1,tt0112508,5
1,tt0109445,3
1,tt0109686,5
1,tt0109707,4
1,tt0076759,5
1,tt0110912,3
1,tt0111282,3
1,tt0114694,5
1,tt0109444,4
1,tt0109830,4
1,tt0110475,4
1,tt0106977,5
1,tt0107290,4
1,tt0107614,3
1,tt0108052,5
1,tt0108333,4
1,tt0108358,5
1,tt0099348,4
1,tt0096895,4
1,tt0102926,4
1,tt0032910,5
1,tt0116282,5
1,tt0117060,3
1,tt0116683,5
1,tt0117705,3
1,tt0117500,4
1,tt0117998,3
1,tt0116629,3
1,tt0032138,5
1,tt0033467,5
1,tt0067992,5
1,tt0079470,5
1,tt0105236,5
1,tt0091763,4
1,tt0103772,5
1,tt0083866,5
1,tt0096754,4
263,tt0114709,4
263,tt0112346,4
263,tt0114388,5
263,tt0112431,4
263,tt0112818,4
263,tt0112697,4
263,tt0112573,4
263,tt0112384,4
263,tt0112851,4
263,tt0109445,1
263,tt0110912,3
263,tt0110932,3
263,tt0111161,5
263,tt0109830,4
263,tt0109831,4
263,tt0111257,3
263,tt0111503,4
263,tt0106673,4
263,tt0106977,4
263,tt0107614,4
263,tt0107822,4
263,tt0108052,5
263,tt0108160,3
263,tt0099785,3
263,tt0099653,4
263,tt0102926,5
263,tt0100405,4
263,tt0117979,4
263,tt0117998,4
263,tt0112691,5
263,tt0117333,3
263,tt0034583,4
263,tt0092099,4
263,tt0071853,4
263,tt0108598,5
263,tt0080684,4
263,tt0093779,4
263,tt0086190,4
263,tt0086879,4
263,tt0061722,3
263,tt0098635,4
263,tt0116695,4
263,tt0119528,2
263,tt0119229,3
263,tt0119654,3
221,tt0113497,4
221,tt0114746,5
221,tt0114814,4
221,tt0116483,2
221,tt0075314,5
221,tt0115685,4
221,tt0110912,5
221,tt0111161,4
221,tt0109830,4
221,tt0106220,2
221,tt0107290,3
221,tt0107822,4
221,tt0107977,2
221,tt0108052,3
221,tt0083658,5
221,tt0107688,4
221,tt0108358,3
221,tt0103064,4
221,tt0099348,4
221,tt0102926,4
221,tt0116282,5
221,tt0057012,4
221,tt0117951,4
221,tt0116629,2
221,tt0068646,4
221,tt0052357,5
221,tt0047396,4
221,tt0053125,5
221,tt0053291,4
221,tt0034583,5
221,tt0033467,4
221,tt0038650,5
221,tt0095159,5
221,tt0079470,4
221,tt0105236,4
221,tt0091763,4
221,tt0103772,4
221,tt0092099,2
221,tt0071853,4
221,tt0073486,5
221,tt0093779,4
221,tt0082971,4
221,tt0088846,5
221,tt0090605,5
221,tt0060196,4
187,tt0112641,4
187,tt0113627,3
187,tt0114369,4
187,tt0114814,4
187,tt0116367,4
187,tt0112573,3
187,tt0075314,4
187,tt0112442,1
187,tt0109445,4
187,tt0109686,1
187,tt0109707,4
187,tt0110148,4
187,tt0076759,4
187,tt0110632,3
187,tt0110912,4
187,tt0111161,3
187,tt0109830,2
187,tt0111257,2
187,tt0111503,2
187,tt0107614,2
187,tt0108052,4
187,tt0083658,4
187,tt0107688,4
187,tt0108399,4
187,tt0099785,2
187,tt0099348,1
187,tt0102926,4
187,tt0100405,2
187,tt0116282,4
187,tt0117998,2
187,tt0112691,4
187,tt0057012,4
187,tt0117951,4
187,tt0116629,1
187,tt0034583,4
187,tt0062622,4
187,tt0079470,4
187,tt0105236,4
187,tt0071853,4
187,tt0108598,4
187,tt0080684,4
187,tt0082971,3
187,tt0088846,5
187,tt0090605,4
187,tt0060196,5
352,tt0114369,5
352,tt0114814,5
352,tt0076759,4
352,tt0110912,5
352,tt0111161,5
352,tt0111280,4
352,tt0109830,5
352,tt0108052,5
352,tt0083658,4
352,tt0099348,5
352,tt0102926,4
352,tt0062622,4
352,tt0079470,5
352,tt0105236,5
352,tt0080684,4
352,tt0082971,4
352,tt0090605,4
352,tt0066921,4
352,tt0099685,4
352,tt0078748,5
352,tt0093058,4
352,tt0081505,5
352,tt0119008,4
352,tt0119116,4
352,tt0119567,3
352,tt0118880,4
352,tt0119654,2
352,tt0118571,4
352,tt0119174,4
352,tt0119164,4
352,tt0120201,3
352,tt0120382,3
352,tt0119217,4
352,tt0120338,4
352,tt0119396,4
352,tt0118715,4
352,tt0129387,3
352,tt0084516,5
352,tt0070047,4
352,tt0120746,3
352,tt0120815,4
352,tt0118799,5
352,tt0120586,4
352,tt0120660,2
352,tt0120735,5
452,tt0113189,4
452,tt0113855,4
452,tt0114369,5
452,tt0116367,4
452,tt0112573,5
452,tt0112462,4
452,tt0112851,4
452,tt0076759,5
452,tt0111282,5
452,tt0108550,5
452,tt0109506,5
452,tt0109830,5
452,tt0111257,4
452,tt0111503,5
452,tt0106697,4
452,tt0107290,4
452,tt0108052,5
452,tt0083658,5
452,tt0108333,5
452,tt0103064,5
452,tt0096895,5
452,tt0116282,5
452,tt0117060,5
452,tt0117998,4
452,tt0116629,5
452,tt0068646,5
452,tt0062622,3
452,tt0095016,4
452,tt0095159,5
452,tt0105236,5
452,tt0103772,4
452,tt0083866,5
452,tt0092099,4
452,tt0096754,5
452,tt0071853,5
452,tt0080684,5
452,tt0093779,5
452,tt0082971,5
452,tt0090605,5
452,tt0066921,5
452,tt0086190,4
452,tt0078748,4
452,tt0054215,4
452,tt0080455,4
452,tt0071562,5
495,tt0112281,4
495,tt0114814,4
495,tt0116483,4
495,tt0112442,4
495,tt0112384,4
495,tt0112642,4
495,tt0112715,3
495,tt0113492,1
495,tt0114898,3
495,tt0112508,4
495,tt0109445,4
495,tt0109686,4
495,tt0111070,4
495,tt0111161,5
495,tt0114694,4
495,tt0109040,4
495,tt0109830,4
495,tt0108052,4
495,tt0107688,4
495,tt0103639,4
495,tt0117998,4
495,tt0116629,4
495,tt0115798,4
495,tt0068646,4
495,tt0073486,5
495,tt0078788,4
495,tt0097165,5
495,tt0061722,5
495,tt0092005,4
495,tt0107048,4
495,tt0103776,4
495,tt0119528,4
495,tt0118655,5
495,tt0118880,3
495,tt0119654,4
495,tt0118571,4
495,tt0119488,4
495,tt0118971,5
495,tt0120201,4
495,tt0120382,4
495,tt0119217,5
495,tt0120338,5
495,tt0118715,5
495,tt0120888,4
495,tt0120591,5
82,tt0114709,2
82,tt0113497,3
82,tt0113277,4
82,tt0113189,4
82,tt0112431,2
82,tt0114369,4
82,tt0116483,4
82,tt0112573,4
82,tt0112442,4
82,tt0112462,3
82,tt0112642,1
82,tt0112851,4
82,tt0112864,4
82,tt0113957,3
82,tt0109686,4
82,tt0076759,4
82,tt0110413,4
82,tt0111070,2
82,tt0108550,2
82,tt0109040,4
82,tt0109830,4
82,tt0109831,4
82,tt0110357,4
82,tt0110475,4
82,tt0110478,4
82,tt0110622,3
82,tt0111503,4
82,tt0109254,4
82,tt0106697,4
82,tt0106918,4
82,tt0107144,3
82,tt0107290,4
82,tt0103639,2
82,tt0103064,4
82,tt0099348,4
82,tt0096895,4
82,tt0101414,3
82,tt0117060,4
82,tt0117500,4
82,tt0116629,4
82,tt0115798,2
82,tt0117218,4
82,tt0068646,4
82,tt0095016,4
82,tt0105236,4
41,tt0114369,4
41,tt0114814,3
41,tt0075314,2
41,tt0110632,3
41,tt0110413,4
41,tt0110912,5
41,tt0109830,2
41,tt0109831,4
41,tt0111503,1
41,tt0083658,2
41,tt0102926,4
41,tt0101414,4
41,tt0100405,3
41,tt0116282,4
41,tt0057012,2
41,tt0117951,4
41,tt0062622,2
41,tt0105236,2
41,tt0083866,3
41,tt0090605,2
41,tt0066921,5
41,tt0078788,2
41,tt0099685,2
41,tt0078748,1
41,tt0054215,4
41,tt0093058,2
41,tt0086879,4
41,tt0081505,5
41,tt0092005,5
41,tt0107048,3
41,tt0098635,4
41,tt0119528,3
41,tt0118884,2
41,tt0119164,2
41,tt0120382,3
41,tt0119217,3
41,tt0120338,5
41,tt0118715,4
41,tt0120888,2
41,tt0119822,4
41,tt0095953,4
41,tt0120815,2
41,tt0087469,2
41,tt0104257,2
41,tt0118799,4
222,tt0113497,2
222,tt0112281,4
222,tt0114746,3
222,tt0114369,4
222,tt0114814,3
222,tt0112573,4
222,tt0112864,3
222,tt0113492,3
222,tt0109686,4
222,tt0110413,3
222,tt0110912,4
222,tt0109040,4
222,tt0109830,4
222,tt0110357,2
222,tt0110475,3
222,tt0110622,3
222,tt0109254,3
222,tt0106697,4
222,tt0107144,4
222,tt0107362,2
222,tt0107818,4
222,tt0108052,3
222,tt0117705,2
222,tt0117500,3
222,tt0117951,4
222,tt0115798,2
222,tt0068646,4
222,tt0095016,3
222,tt0105236,4
222,tt0103772,2
222,tt0083866,3
222,tt0092099,2
222,tt0082971,4
222,tt0060196,4
222,tt0066921,4
222,tt0078788,4
222,tt0099685,4
222,tt0080455,5
222,tt0071562,4
222,tt0093058,4
222,tt0086879,3
222,tt0088247,4
222,tt0061722,4
222,tt0088763,4
222,tt0072431,4
522,tt0114709,3
522,tt0113189,4
522,tt0114814,4
522,tt0113862,3
522,tt0112573,4
522,tt0115685,4
522,tt0109445,5
522,tt0076759,5
522,tt0110912,5
522,tt0111161,5
522,tt0111280,4
522,tt0109830,4
522,tt0110357,3
522,tt0110475,4
522,tt0107290,4
522,tt0083658,2
522,tt0099785,1
522,tt0103639,4
522,tt0116282,3
522,tt0117951,4
522,tt0116629,4
522,tt0068646,4
522,tt0095016,4
522,tt0105236,4
522,tt0071853,4
522,tt0073486,4
522,tt0080684,4
522,tt0093779,4
522,tt0082971,4
522,tt0090605,4
522,tt0086190,4
522,tt0099685,4
522,tt0078748,5
522,tt0080455,4
522,tt0071562,4
522,tt0070735,4
522,tt0107048,4
522,tt0088763,5
522,tt0097576,4
522,tt0097351,4
522,tt0117731,4
522,tt0084726,4
522,tt0116695,4
522,tt0119229,4
522,tt0119654,4
230,tt0113497,2
230,tt0112431,2
230,tt0112697,3
230,tt0114369,3
230,tt0112384,2
230,tt0112462,4
230,tt0109686,2
230,tt0110148,4
230,tt0111161,3
230,tt0114924,2
230,tt0109040,3
230,tt0110357,3
230,tt0110475,3
230,tt0111257,3
230,tt0111503,3
230,tt0108052,1
230,tt0108160,2
230,tt0099785,4
230,tt0099653,2
230,tt0103639,2
230,tt0103064,1
230,tt0099348,2
230,tt0096895,3
230,tt0102926,3
230,tt0101414,2
230,tt0100405,4
230,tt0117060,2
230,tt0116683,2
230,tt0117998,4
230,tt0116629,3
230,tt0116213,2
230,tt0117218,2
230,tt0034583,2
230,tt0067992,3
230,tt0083866,1
230,tt0092099,2
230,tt0090605,3
230,tt0078748,4
230,tt0098635,2
230,tt0073195,1
230,tt0116695,1
230,tt0117571,3
230,tt0119528,3
230,tt0119116,5
230,tt0119094,4
365,tt0116483,4
365,tt0112508,4
365,tt0076759,3
365,tt0111161,4
365,tt0114694,3
365,tt0109830,4
365,tt0107818,2
365,tt0083658,1
365,tt0102926,1
365,tt0080684,4
365,tt0093779,2
365,tt0092005,4
365,tt0107048,2
365,tt0077631,2
365,tt0116695,4
365,tt0119116,2
365,tt0099810,1
365,tt0119217,5
365,tt0120888,3
365,tt0095953,2
365,tt0088847,4
365,tt0089218,3
365,tt0088128,4
365,tt0099487,3
365,tt0118799,2
365,tt0147800,4
365,tt0087332,3
365,tt0085334,4
365,tt0169547,1
365,tt0091042,4
365,tt0162661,2
365,tt0120689,4
365,tt0077975,3
365,tt0172495,2
365,tt0187393,3
365,tt0175142,4
365,tt0120903,4
365,tt0212338,3
365,tt0190332,1
365,tt0162222,5
365,tt0190590,3
365,tt0209144,1
365,tt0221027,2
365,tt0126029,2
365,tt0250494,4
167,tt0114709,4
167,tt0112697,2
167,tt0116483,4
167,tt0112573,4
167,tt0112384,4
167,tt0113492,2
167,tt0113957,2
167,tt0109445,5
167,tt0076759,4
167,tt0110912,3
167,tt0111161,5
167,tt0109506,5
167,tt0109830,3
167,tt0109439,2
167,tt0106697,2
167,tt0107290,4
167,tt0108160,3
167,tt0083658,4
167,tt0107688,3
167,tt0099785,1
167,tt0103639,3
167,tt0096895,3
167,tt0102926,2
167,tt0029583,3
167,tt0101414,4
167,tt0116282,3
167,tt0117500,4
167,tt0112691,5
167,tt0057012,2
167,tt0117951,4
167,tt0115798,1
167,tt0062622,1
167,tt0067992,4
167,tt0079470,4
167,tt0071853,4
167,tt0108598,5
167,tt0080684,4
167,tt0093779,4
167,tt0082971,4
167,tt0090605,2
167,tt0086190,4
167,tt0078748,2
167,tt0106308,5
167,tt0080455,4
167,tt0070735,4
